5.02,a
3.03,abajo
1.3,abandonado
1,abandonados
1.6,abeja
2.34,abierta
2.32,abierto
1.9,abra
1,abráis
1,abramos
1.48,abran
1.3,abras
1.48,abraza
1.78,abrazo
1,abrazos
3.08,abre
1.48,ábrela
1,ábrelas
1.7,ábrele
1.3,ábreles
1.6,ábrelo
1.48,ábreme
2.18,abren
2,abres
1.3,ábrete
1.78,abría
1.3,abrid
1,abridme
1.6,abriendo
1,abriera
1,abrigado
1.48,abrigados
1.48,abrigo
1.3,abrigos
1,abril
2.32,abrimos
2.78,abrir
1.3,abrirá
1,abriré
1,abriremos
1.85,abrirla
1.3,abrirle
1.6,abrirlo
1.3,abrirme
1.48,abrirte
1.9,abro
2.43,abuela
1,abuelico
2.56,abuelita
2.36,abuelito
1,abuelitos
2.72,abuelo
1.78,abuelos
1,aburres
1.7,aburrida
1.6,aburrido
1.48,aburridos
1.3,aburrimiento
1.3,aburrir
1.48,acá
2.15,acaba
1,acababa
1,acabada
2.71,acabado
1,acabáis
1.48,acabamos
1.3,acaban
1.95,acabar
1,acabarás
1,acabarme
1,acabarse
1.78,acabas
1.3,acabe
1.6,acabemos
1,acaben
1.48,acabo
2.41,acabó
1.3,acaso
1,acatarrado
2.04,accidente
1,accidentes
1.6,aceite
1,acera
1.6,acerca
1,acércame
1,acercamos
1.3,acercando
1,acercar
1,acercas
1.48,acércate
1.95,acerco
1,acerque
1.3,acertado
1,aclaro
1,acomodado
1,acompaña
1,acompañada
1.3,acompañándole
1.3,acompañante
1.6,acordaba
1,acordábamos
1.6,acordabas
1.48,acordado
1.48,acordáis
1.3,acordamos
1,acordarás
1,acordaste
1.6,acordeón
1,acostaba
1,acostaditos
1.3,acostado
1,acostados
1.6,acostamos
2,acostar
1.3,acostaría
1,acostarles
1.48,acostarlos
1,acostarnos
1,acostarse
1,acuarelas
1,acuerda
3.23,acuerdas
1,acuérdate
2.51,acuerdo
1.48,acuesta
1,acuéstales
1,acuestan
1,acuestas
1,acuesten
1.3,acuestes
2.15,adelante
2.54,además
2.57,adentro
2.8,adiós
1,adónde
1,adornado
1,adornan
1,adornando
1,adornar
1.3,adornarlo
1,adorne
1,adornicos
1.7,adorno
1.9,adornos
1,Adriana
1.6,afuera
1,agachada
1,agachado
1.3,agacharse
1,agachas
1.6,agarra
1,agarraba
1,agarrada
1.3,agarrado
1,agárralo
1,agarran
1,agarrando
1.3,agarrar
1,agarrarse
1,agarras
1,agárrate
1.48,agarro
1,agarró
1,agosto
3.25,agua
1,aguanta
1,aguante
1,Aguapolis
1,águila
1.3,agüita
1,aguja
1.3,agujerico
1.78,agujerito
1.78,agujero
1.3,agujeros
4.33,ah
4.23,ahí
1,ahoga
1.3,ahogan
1.48,ahogando
1,ahogándose
1.7,ahogar
1,ahogarse
4.17,ahora
1,Ainara
2.34,Ainhoa
2.08,aire
1.3,Aitana
1.3,Aitor
1.9,ajá
1,ajetreado
4.07,al
1.3,Alá
3.62,ála
2.48,alas
1,Alberto
1.3,Albi
1.3,albóndigas
1.3,alcohol
2.23,ále
1.3,alegre
1,alegres
1,alegría
1,alegro
1,alejados
1.78,Alejandro
1,aletas
2.3,Alex
1,alfalfa
2.08,alfombra
2.2,alforjas
3.07,algo
1,algodón
2.89,alguien
2.72,algún
2.52,alguna
1,algunas
2.46,alguno
1.7,algunos
1.6,Alicia
1,alimenta
1,Alis
1,alitas
1,alivio
2.63,allá
2.57,allí
1,almohaditas
1.3,almuerzo
1.3,almuerzos
2.26,alrededor
1.3,Alsasu
2.2,alta
1.48,altísimo
2.91,alto
1.3,altos
1,altura
1.7,alubias
1,alumnos
1,Álvaro
2.96,ama
1,Amá
1.9,amarilla
1.6,amarillas
2.23,amarillo
1.48,amarillos
2.11,Amaya
2.41,ambulancia
1,ambulancias
1,América
2.08,amiga
1.85,amigas
2.57,amigo
2.85,amigos
1,amiguetes
1,amiguico
1,amiguicos
1.48,amiguita
1,amiguitas
1.7,amiguito
1.6,amiguitos
1,amontonados
2.23,amor
1,amueblamos
1.3,amueblar
2.83,Ana
1,ancho
2.26,ancla
2.32,anda
2.26,andá
3.24,ánda
1,andaban
1.48,andado
1,andan
2.48,andando
2.36,andar
1.3,andas
1,ándate
2.28,Ander
1.48,Andoni
2.9,Andrea
1.3,Andrés
1.7,Ane
1.3,Ángel
2.74,ángel
1.48,Ángela
1,ángeles
1.78,angelico
2.38,angelito
1.3,angelitos
1,animado
2.32,animal
3.49,animales
1,animalico
2.2,animalicos
1,animalito
2.28,animalitos
1.48,Anita
2.32,año
2.56,años
2.89,antes
1,antiguo
1.6,Antolo
1,Anuka
1,Anuko
1,Anuska
1,apaga
1.48,apagada
1.7,apagado
1,apagan
1,apagar
1.3,apagues
1.85,aparca
1,aparcaban
1,aparcad
1.48,aparcadito
1.95,aparcado
1.6,aparcamos
1.3,aparcan
2.15,aparcar
1,aparcarlo
1,aparcas
1,aparcó
1.6,aparece
1.48,aparecen
1,aparecer
1,aparecido
1,apareció
1,aparque
1.3,aparte
1,apellida
1,apellidas
1,apelotonados
1,Apesteguía
2.18,apetece
1,apetecerá
1,apetezca
1.48,aplasta
1,aplastado
1.48,aplastando
1.3,aplastar
1,aplastes
1,apoya
1.3,apoyadita
1.3,apoyado
1,apoyamos
1.3,apoyar
1,apoyaremos
1,apoyas
1,aprendas
1,aprende
1.85,aprender
1,aprenderás
1,aprenderemos
1,aprendes
1.78,aprendido
1.85,aprendiendo
1,aprendiste
1,apretados
1.85,apretar
2.08,aprieta
1.48,apriétala
1.3,aprietas
1.3,aprietes
2.08,aprovecha
1,aprovechado
1,aprovechar
1,aproveche
1,aprovecho
1,apures
1.3,aquel
1.85,aquél
1.95,aquella
1.95,aquélla
1.3,aquéllas
1.85,aquello
1,aquéllo
1.6,aquéllos
4.46,aquí
1,Araceli
1.3,Aralar
1,araña
1,arañó
3.16,árbol
2.43,árboles
1,arbolicos
2.11,arbolito
1,arbusto
1,arces
2.28,ardilla
1,ardillica
1.3,ardillita
1.6,arena
1,Arístegui
1.3,Aritz
1,arlequín
1,arman
1,armar
2.51,armario
1,armarios
1.6,aro
1.48,arpón
1,arquitecto
1.3,arranca
1,arrancábamos
1,arrancado
1,arrancarás
1,arrastran
2.18,arregla
2,arreglado
1,arreglados
1,arréglalos
1,arreglamos
1.3,arreglan
1.78,arreglando
2,arreglar
1,arreglarlo
1,arreglarlos
1.6,arreglen
3.23,arriba
1,arrópame
1,arropar
1,arropas
2.56,arroz
1,arrugues
1.6,asa
1,asadas
1,asado
1,asamos
1,asando
1,asándose
1,asar
1.7,Asca
1.48,ascensor
1.6,asco
1.3,asfixiar
3.91,así
2,asiento
1.85,asientos
2.79,Asier
2.04,asoma
1,asomada
1.3,asomado
1,asomados
1.3,asoman
1,asomarse
1,asomarte
1.48,asómate
1,asomen
1,aspirina
1,aspirinita
1,Asterix
1,astuto
1,asunto
1.48,asusta
1,asustada
2.11,asustado
1,asustados
1.3,asustan
1,asustando
1.48,asustar
1,asustas
1.3,asustó
1.48,atacan
1,atacar
1,atarle
1.6,atascado
1,ate
1.3,atención
1,atiendes
1,atómicas
2.65,atrás
1.3,atreves
1,atrevías
1.3,atropella
1,atropellan
1.3,atropellando
1.48,atropellar
1.78,atropellas
1,atropelles
1.3,atún
1,au
2.7,Audrey
1,auieres
1,aula
2.2,aún
2.26,aunque
1,aupa
1,aupas
2.28,autobús
1.48,avaricia
1,averiguamos
1.48,avión
1.3,avisa
1.3,avisar
1,avisarles
3.28,ay
2.3,ayer
2.52,ayuda
1.3,ayudaba
1,ayudáis
2.26,ayúdale
1.6,ayúdame
1.3,ayudamos
1,ayudan
1.3,ayudando
1,ayudándole
1.3,ayúdanos
1.3,ayudante
2.23,ayudar
1,ayudará
1.3,ayudaré
1.48,ayudarle
1.3,ayudarles
1,ayudarte
1.9,ayudas
1,ayudaste
1.3,ayúdate
2.15,ayude
2.62,ayudo
1,Azca
1.7,azúcar
2.46,azul
1.3,azules
1,babero
1.78,bailando
1.3,bailar
2.76,baja
1.7,bajaba
1,bajad
1.78,bajado
1,bájalas
1.3,bájale
1.48,bájalo
1,bájalos
1.3,bájame
1.95,bajamos
2.04,bajan
1.48,bajando
2.65,bajar
1.3,bajarla
1.3,bajarle
1,bajarles
1.3,bajarlo
1,bajarnos
2,bajas
1.6,bájate
1.95,baje
1.6,bajen
1.6,bajera
1,bajes
1,bajico
1,bajita
1.7,bajito
2,bajo
1.3,bajó
1.3,bajos
1,bala
1.3,balancea
1,balancearlos
1.3,balancee
1,balanceen
2.15,balancín
1,balas
1.3,balcón
1,ballena
1,ballenas
3.09,balón
1.9,baloncesto
1.6,balones
1.3,Baltasar
1.48,Bambi
1,bañaba
1,bañaban
1.3,bañado
1,bañador
1,bañan
1.7,bañando
1,bañándose
2.11,bañar
1,bañarles
1,bañarlo
1.3,bañarnos
1.3,bañarse
1,bañarte
1.3,bañas
1.95,banco
1.3,bancos
1.3,bandeja
1,bandejas
2.36,bandera
1,banderilla
1,banderita
1,bañen
1.6,bañera
2.34,baño
1.48,baños
1,banqueta
1.3,banquito
1,bar
1,barandilla
2.08,barba
1,barbacoa
1.48,barbas
1.3,Barbie
1,barbilla
2.2,barca
3.35,barco
1.6,barcos
1,barquillo
2.08,barquita
1.78,barquito
1.85,barracas
1,barras
1.6,barre
1,barrer
1,barres
1.3,barriga
1,barriguita
1.48,barro
1,base
1.48,basta
1,bastante
1.48,bastón
1.3,basura
1.3,bata
1,batas
1.3,baúl
1,Beatriz
1.3,bebas
1.7,bebe
2.32,bebé
1.3,bebemos
1.6,beben
2.36,beber
1.48,bebes
1.6,bebido
1.3,bebiendo
1,bebieran
1,bebiste
1,Begoña
1.7,Belén
1,belén
1,Belinda
2.63,Beñat
1.7,Benicasim
1.78,Benidorm
1.3,Benito
1.78,besico
1,besicos
2.11,besito
1.48,besitos
2.61,beso
1.9,besos
1.6,biberón
1.78,bicho
1.48,bichos
1.95,bicicleta
1.48,bicicletas
4.19,bien
1,bigote
1.9,bigotes
1.3,bikini
1,biscotes
2.23,bizcocho
1,Blanca
1.95,blanca
1.85,Blancanieves
1.3,blancas
2.23,blanco
1,blancos
1,blando
2.46,boca
1.9,bocadillo
1.6,bocadillos
1.85,bocata
1,bocatas
1,bocina
1,bodegas
1,bol
2.75,bola
2.89,bolas
1,bolazo
1.3,bolazos
1,bolica
1.48,bolicas
1.3,bolígrafo
1,bolita
2.3,bolitas
1,bolitos
1,bollo
1.3,bolos
1.95,bolsa
1,bolsas
1,bolsitas
1.78,bolso
1,bolsos
1,bombas
1.6,bombero
2.81,bonita
2,bonitas
3.39,bonito
2.23,bonitos
1,borde
1,borrados
1,borraja
1.48,borrar
1.48,bosque
1,bostezando
2.3,bota
1,bota+bota
2.34,botas
1.85,bote
1,botella
1.78,botón
1.95,botones
1.95,brazo
2.18,brazos
1,brilla
1,brillan
1,brillando
1,brillantes
1,brillo
1,brinco
1.6,broma
1,bromas
1,bronca
2.08,bruja
1.3,bruta
1,brutico
1.85,bruto
1.3,bucaneros
1,buceando
1.95,buen
2.2,buena
2,buenas
1,buenísima
1,buenísimo
3.86,bueno
1,Buenos
3.31,buenos
1.7,buey
2.26,bufanda
1.48,bufandas
1,bufandica
1,bultos
1,burlan
1.78,burrico
1,burriquito
2.57,burrito
2.53,burro
2.41,busca
1,buscado
1.48,búscala
1,búscalas
1.48,búscale
1.48,búscales
1.7,búscalo
1.3,búscalos
1.7,buscamos
1.7,buscando
2.56,buscar
1.48,buscarla
1.48,buscarle
1.3,buscarles
1.3,buscarlo
1.6,buscarlos
1,buscarnos
1,buscarte
2,buscas
1.48,busco
2.26,butaca
1.78,butacas
1,caballero
2.04,caballico
1,caballicos
2.71,caballito
1.7,caballitos
3.51,caballo
2.45,caballos
3.31,cabe
1,cabecera
1,cabecica
1.6,cabecita
1.95,cabemos
3.05,caben
2.36,caber
1.7,cabes
3.07,cabeza
1,cabezón
1.7,cabezota
1,cabezudo
1,cabezudos
1.3,cabía
1.3,cabían
1,cabido
1,Cabilla
1.7,cable
2.95,cabra
1.6,cabrá
1.7,cabrán
1.78,cabras
1.6,cabrita
1.3,cabritillos
1,cabritito
1,cabrititos
1.3,caca
1,cacahuetes
1.48,cacas
1,cacharras
1,cacharrazo
1,cacharro
1.3,cacharros
1,cachivache
1.3,cacho
2.69,cada
3.31,cae
1,caemos
2.78,caen
3.06,caer
2.18,caerá
1.3,caerán
1.3,caerás
1,caeré
1,caería
1,caernos
1.85,caerse
2.18,caes
2.59,café
2.11,cafetera
1,cafetería
1,cago
1.95,caía
1,caían
1.7,caída
1.6,caido
3.34,caído
1.3,caídos
2.36,caiga
1,caigáis
1.6,caigan
1,caigas
2.11,caigo
1,caíste
1.85,caja
1,cajita
1.6,cajón
1,cajones
1,calcetines
1,caldero
1.48,caldico
1.48,caldo
1.6,calefacción
1.3,calentado
1.3,calentando
1.3,calentándose
1.6,calentar
1,calentarles
1.3,calentarse
1,calentase
1,calentico
1.3,calentita
1.48,calentito
1.48,calentitos
2.11,caliente
1.3,calienten
1,calientes
1.48,calla
1,calladico
1,calladito
1,callado
1,callar
2.95,calle
2.58,calor
1,calorcico
1.3,calorcito
1,calva
1,calvo
1,Calzaslargas
3.83,cama
1.95,cámara
1.85,camarera
1,camarote
1,camarotes
3.16,camas
1,cambia
1.3,cambiado
1,cambiador
1.6,cambiamos
1,cambian
1,cambiándolo
1.85,cambiar
1,cambias
1,cambio
1.6,camello
1.3,camellos
1.48,camica
1.7,camicas
1,camilla
1.3,caminar
1.48,camino
1,caminos
1.9,camión
1.3,camiseta
2.83,camita
2.57,camitas
1.9,campana
1,campanario
1.3,campanas
1,campanita
1,campanitas
1.3,Campero
1.3,camping
2.79,campo
1.48,Canarias
1,canasta
2.64,canción
1.85,canciones
1.3,Canela
1.9,canela
1,canguro
1,canicas
2.56,cañón
1,cansa
2.08,cansada
1.48,cansadas
1,cansadita
1.48,cansaditas
2.52,cansado
2.2,cansados
1,cansamos
1.3,cansan
1.3,cansando
1.48,cansar
1,canse
1.7,cansen
2.38,canta
1.48,cantaba
1.6,cantábamos
1.3,cantaban
1.6,cantabas
1.78,cantado
1.3,cantáis
1.9,cántale
2.2,cántales
1.48,cántame
1,cántamela
1.78,cantamos
2.49,cantan
2.81,cantando
1,cántanos
2.54,cantar
1,cantará
1.7,cantarán
1,cantaríamos
1.3,cantarle
1,cantarles
1,cantármela
1.85,cantas
1,cántasela
1,cantases
1,cantaste
1.48,cante
1,canten
1.3,cantes
1,cantidad
1,canto
2.32,Cao
2.15,Caperucita
2.15,capitán
1,capota
1.6,capucha
2.51,Cara
2.77,cara
1.3,caracol
1.48,caracoles
1.9,caramelos
1.3,caras
1,caray
1.3,carbón
1.9,cárcel
1,carga
1.3,cargado
1.3,cargar
1,cargas
1.3,caricias
1,cariñico
1.48,cariñitos
3.04,cariño
1.3,cariños
1,carita
1,Carlinga
1,Carlitos
2.28,Carlos
1,Carlos
1.3,Carmen
1.48,Carmen
1.3,carnaval
2.04,carne
1.3,carné
1,carnerico
2.18,carnero
1,carnicería
1,caro
1.3,carpintero
1.7,carrera
1.3,carreras
1.3,carrerilla
1.85,carretera
1.3,carrito
2,carro
1.78,carta
2.11,cartas
1.3,cartel
1,cartera
1.7,carteras
1.48,cartero
1,cartón
3.89,casa
2.4,casas
1,casco
1,cascos
1.3,caseta
2.64,casi
1.48,casica
3.46,casita
1.95,casitas
2.08,caso
1,castaña
1.95,castañas
1,castañazo
1.48,castañero
1,castañuelas
1.6,castellano
1.7,castigada
2,castigado
1.48,castigados
1.3,castigan
1,castigar
1,castigo
1,castigues
1.48,castillo
1.85,castillo
1.48,catalejo
1,catapún
1.78,catarro
1,catarros
1.3,catorce
1.3,Cavilla
1.85,cayendo
1,cayeran
2.53,cayó
1,cazaba
1.48,cazado
1,cazador
1,cazadores
1,cazamos
1,cazando
1,cazar
1.3,cazas
1,cazaste
1.3,cazuela
1,cazuelas
1.3,celebra
1,celebran
1.6,celebrando
1.48,celebrar
1,cementerio
2.36,cena
2.18,cenado
1.78,cenando
2.85,cenar
1.3,cenas
1.3,cene
1.3,Cenicienta
1,centro
1,cepillo
1.3,cera
2.23,cerca
1,cercado
1.3,Cerdito
1.6,cerdito
1.7,cerditos
1.6,cerdo
1.6,cereales
1,cereza
1.7,cerezas
1.48,cerquita
2.41,cerrada
1,cerradita
2.34,cerrado
1.6,cerrados
2.52,cerramos
1.3,cerrando
2.82,cerrar
1,cerrará
1.48,cerrarla
1,cerrarlo
1.7,cerremos
1,cerró
1.3,césped
1.48,cestita
1,chachi
1,chaleco
1.6,chandal
1,chandrío
1,chapuzas
1.6,chapuzón
1,chaqueta
1,chaquetas
1.3,charca
1,charcas
2.41,charco
1.3,Charito
1,charlatana
1.3,Charlie
1.95,chaval
1,chavalita
3.36,chica
2,chicas
2.08,chichón
1.3,chicle
1.3,chicles
1.7,Chico
3.25,chico
2.77,chicos
1,chilla
1,chillar
3.02,chimenea
2,chimeneas
2.08,Chiquipark
1.95,chiquita
1,chiquitaja
1,chiquitajos
1,chiquitas
1.48,chiquitica
2.04,chiquitico
1.3,chiquiticos
1,chiquitilla
1,chiquitillo
2.3,chiquitín
1.7,chiquitina
1.3,chiquitines
2.18,chiquitita
1.48,chiquititas
1.78,chiquitito
1.6,chiquititos
1.95,chiquito
2.3,chiquitos
1.48,chirriado
1,chirrió
1,Chistorra
1,chiva
1.9,choca
1.6,chocado
1.6,chocan
1,chocar
1,chocas
1,chocha
2.54,chocolate
1,chocolatina
1,chocolatito
1.3,chófer
1.3,chóferes
1,choque
1.78,chorizo
1.3,chuches
1.85,chula
1.3,chulada
1.3,chulas
1,chuletas
1.3,chuletitas
2.23,chuli
2.48,chulo
1.48,chulos
1.48,chupa
1.3,chupaba
1.3,chupando
1.6,chupar
1.6,chupes
1.6,chupete
1,chupetes
1,chupi
1,Chupinazo
1.6,churros
1,ciega
1,cieguita
1,cielito
2.36,cielo
1.3,cielos
1,cien
2.81,cierra
1.7,ciérrala
1.6,ciérrale
1,ciérrales
1,ciérralo
1.85,cierran
2.3,cierras
1.3,cierre
1.48,cierres
2.26,cierro
2.2,ciervos
1.6,cigarro
2.59,cinco
1.6,cine
1.48,cinta
1.6,cintas
1.6,cinturón
1.85,circo
1,circulación
1.7,círculo
1,Cires
1.6,ciudad
1,Cizur
1.48,Clara
1,clara
1,clarinete
3.89,claro
1,claros
2.9,clase
1,clases
1.3,Claudia
2.34,Claus
1,clávalo
1.3,clavar
1,clientes
3.78,coche
1,cochecito
1.3,cochera
2.38,coches
1,cochinadas
1,cochino
1,cocido
3.46,cocina
1.3,cocinando
1.3,cocinar
1.3,cocinero
1,cocinica
1,cocinilla
1.95,cocinita
1.6,coco
1.95,cocodrilo
1.85,cocodrilos
1,cocos
2.11,cofre
2.62,coge
1,cogéis
1.95,cógela
1.48,cógele
2.38,cógelo
1.3,cógelos
1.48,cógeme
2.08,cogemos
1.3,cogen
2.72,coger
1,cogerás
1.7,cogerla
1.3,cogerle
1.9,cogerlo
1,cogerlos
2,coges
1,cógete
1.48,cogía
1,cogían
1,cogías
2.36,cogido
2.15,cogiendo
1,cogieron
1.3,cogimos
1,cogió
1,cogiste
1,cohete
2.36,coja
1.3,cojan
1.3,cojica
1,cojín
1,cojines
2.08,cojita
2.41,cojo
2.32,Cola
2.32,cola
1,colado
1.3,colador
1,cole
1,colega
1,colegas
3.55,colegio
2.53,coleta
2.34,coletas
1,coletita
1.3,colgada
1.85,colgado
1.3,colgados
1.6,colgando
1.6,colgar
1,colgarla
1,colgarlas
1.3,colgarlo
1,colgarlos
1.9,Coli
2.11,colita
1.3,collar
2,coloca
1,colocada
1.85,colocado
1.48,colócala
1,colócalo
1.48,colócalos
2.28,colocamos
1.48,colocan
1.48,colocando
2.66,colocar
1,colocaremos
1.78,colocarla
1.48,colocarlas
1,colocarles
1.78,colocarlo
1.3,colocarlos
2.04,colocas
1.6,coloco
1,colonia
3.09,color
2.11,colorado
2.59,colores
1.78,coloretes
2.32,colorín
1.7,colorines
1,columna
2.15,columpia
1,columpiaba
1,columpiaban
1.6,columpiado
1,columpiala
1,columpiale
1,columpiales
1,columpialo
1.3,columpialos
1,columpiame
2.18,columpian
1.78,columpiando
1.78,columpiándose
2.46,columpiar
1.3,columpiarla
1,columpiarles
1.3,columpiarlos
1,columpiarme
1,columpiarnos
1,columpiaros
2.04,columpiarse
1.3,columpiarte
1.78,columpias
1.7,columpie
1.48,columpien
1,columpies
3.4,columpio
3.35,columpios
2.23,coma
1,comamos
2.38,coman
1.7,comas
1,comba
2.63,come
2.26,comedor
1.3,coméis
2.23,comemos
2.89,comen
3.86,comer
1.3,comerá
1.48,comerán
1,comerla
1.3,comerlo
1,comernos
1.48,comerse
1,comérsela
1,comérselo
2.15,comes
1.3,cómete
1.3,comía
1,comíamos
1.3,comían
3.2,comida
1.6,comidas
1.48,comidica
1.48,comidicas
2.57,comidita
1.85,comiditas
3.15,comido
2.93,comiendo
1,comiéndolo
1.48,comiéndose
1,comieron
1.3,comió
3.92,como
4.06,cómo
1.7,cómoda
1,cómodas
1.48,cómodo
1,comodones
1.48,cómodos
1,compañera
1.6,compañero
1.3,compañeros
1.3,compañía
1,comparada
1,comparativo
1,compartir
1,compensado
2.08,compra
2.26,comprado
1.48,compramos
1.6,compran
1.9,comprando
2.56,comprar
1.7,compras
1,compremos
1,compren
1,compro
1,comprobado
1,compuerta
4.17,con
1.3,Conchi
1,Conchito
2.51,conduce
1.48,conducen
1.48,conduces
1.48,conduciendo
2.51,conducir
1,conducirlo
1.9,conductor
1.6,conduzca
1.3,conduzco
1,conejito
1.7,conejo
1.3,conejos
1,confunde
1,confundes
2.04,confundido
1,confundo
1,congelan
1,congelar
2.32,conmigo
1,conoce
1,conocemos
1,conocerás
1.7,conocerle
1.48,conocerlo
1,conocerte
2.18,conoces
1,conocía
1.48,conocido
1,conociendo
1.95,conozco
1,conseguimos
1.3,construcción
1.48,construcciones
1,construíste
1,contabas
1,contad
1,contadme
2.78,contado
1.6,contáis
2.11,contamos
2.28,contando
1.95,contándome
3.13,contar
1,contarás
1.48,contarlas
1,contarle
1.48,contarlo
1.6,contarlos
1.78,contarme
1.3,contármelo
1.3,contarnos
1,contases
1,contemos
2.45,contenta
1,contentas
1,contentísimo
1,contentísimos
2.9,contento
2.79,contentos
1.3,contesta
1,contestación
1,contestado
1,contestame
1,contéstame
1.3,contestan
1,contestando
1,contestar
1.7,contestas
1,contesten
2.26,contigo
1.7,contra
1,control
1,controlando
1,convencida
1.3,convertía
1,convierte
1.3,copas
1,Copico
1,copiloto
1,Copito
1.48,copitos
1,copos
1,corazones
1.7,corbata
1.3,corderico
1,cordericos
1,corderita
1,cordero
1,corona
1.95,corral
1,corrales
1,corralito
1,corras
2.98,corre
2.32,correr
1.3,correrás
1,corres
1,corresponde
1,corretear
1,correteas
1,corría
1,corrían
1.3,corrido
2.62,corriendo
1,corriente
1.7,corroncho
1.9,corta
1,cortadico
1.6,cortado
1,cortamos
1.3,cortando
1,cortar
1,cortará
1.3,cortas
1.85,cortinas
1,cortita
1.3,cortito
1.7,corto
2.91,cosa
3.42,cosas
2.43,coscorrón
1,coser
1,coserle
1.3,cosicas
2.23,cosita
2.58,cositas
1.3,costado
1.48,costillas
1.3,costra
1,costumbre
1,cotilla
1.3,coz
1.3,creas
1.78,crece
1.6,crecer
1,crecerá
2.04,crecido
1.85,creciendo
1,creció
1.3,creer
2.8,crees
1.6,creía
1,creído
1.3,crema
3.28,creo
1,crezca
1.7,crío
1.95,críos
1,Cris
1.3,cristal
1,cristales
1,Cristian
2.48,Cristina
1.7,Cristinita
1.78,Cristóbal
1,croquetas
1,Cruela
1,cruzaban
1,cruzado
1,cruzar
1.78,cuadra
1,cuadrado
1,cuadras
1,cuadrilla
1.9,cuadro
1,cuadros
1,cuajadas
1.3,cual
3.41,cuál
2.15,cuáles
1.3,cualquier
1.3,cualquiera
3.36,cuando
2.87,cuándo
1.48,cuanta
1.3,cuánta
1.95,cuantas
3,cuántas
1.3,cuanto
2.2,cuánto
2,cuantos
3.14,cuántos
1.3,cuarta
1,cuartico
1,cuartito
3.32,cuarto
1.48,cuartos
2.65,cuatro
1,Cuba
1.3,cubierto
1.7,cubiertos
1.3,cuchara
1.6,cucharas
1.6,cuchillo
1,cuelas
2.04,cuelga
1.48,cuelgan
1.3,cuelgas
2.28,cuello
2.75,cuenta
1.85,cuéntalas
2.23,cuéntale
1.3,cuéntales
1.6,cuéntalo
1.7,cuéntalos
3.58,cuéntame
2.59,cuéntamelo
1,cuéntamelos
1.3,cuentan
2.04,cuéntanos
3.22,cuentas
1,cuéntaselo
1.9,cuente
1,cuenten
2.32,cuentes
1.48,cuentico
1,cuenticos
1,cuentito
3.59,cuento
2.78,cuentos
2.23,cuerda
1.6,cuerno
2.54,cuernos
1,cuervos
2.38,cuesta
1.3,cuestas
1,cuesticas
2.26,cuida
1,cuidaba
1.3,cuidadico
1.3,cuidadito
3.08,cuidado
1,cuidale
1.3,cuidan
1.9,cuidando
1,cuidándole
1,cuidándolos
1,cuidándoos
1.78,cuidar
1.48,cuide
1.6,culete
1,culillo
1,culito
1.95,culo
1,cumplas
1.78,cumple
1,cumpleaño
1,Cumpleaños
3.13,cumpleaños
1,cumples
1.48,cumplía
1.85,cumplido
1,cumplió
2,cumplir
1,cumplirá
1,cumpliste
2.38,cuna
1,cunas
1.95,cunita
1.95,cura
1.3,curaba
1.95,curado
1.7,cúrale
1,cúrame
1.3,curamos
1,curan
1.48,curando
2.36,curar
1.3,curarla
1.9,curarle
1,curarles
1,curarlo
1,curas
1,curaste
1.7,cure
1,curen
1,cures
1.3,curioso
1,cursillo
1,Cusqui
3.32,da
2.08,daba
1.3,dabais
1,dábamos
1.85,daban
1.3,dabas
1,dadnos
3.12,dado
1,dados
1,dáis
2.6,dale
2.28,dales
1.6,dálmatas
2.3,dame
1.48,dámelo
2.51,damos
2.76,dan
2.64,dando
1,dándo
1.3,dándole
1.3,dándoles
1,Dandy
1,Dani
2.4,Daniel
2.91,daño
1,danos
1,daos
3.18,dar
1.3,dará
1.3,darán
1.3,daré
1.48,daremos
1.3,daría
1,daríamos
2.11,darle
1.95,darles
1,daros
1.3,darse
1.3,Dartacán
1.3,darte
2.8,das
1,dáselo
1.48,date
1.7,David
4.56,de
2.34,debajo
2.08,debe
1,deben
1.48,deberes
1,debería
1.3,deberíamos
1,debía
1,debíamos
1,debido
2.3,decía
1,decíais
1,decíamos
1.78,decían
1.85,decías
1,decidido
1.48,decimos
2.86,decir
1.7,decirle
1.3,decirles
1.7,decirme
1,decirnos
1,decís
1.7,decorado
1,decorados
1,decorar
1,decorativo
1.3,dedico
1,dedicos
1.6,dedito
1,deditos
2.2,dedo
1.95,dedos
1,defenderlo
1,defienda
1,defiendes
2.6,deja
1.3,dejaba
1,dejábamos
1,dejaban
1,dejabas
3,dejado
1.3,dejáis
1.6,déjala
2.04,déjale
1,déjales
2.11,déjalo
1.7,déjalos
2.11,déjame
1,déjamelo
2.73,dejamos
2.04,dejan
1.6,dejando
1,déjanos
2.78,dejar
1.6,dejará
1,dejaré
1.6,dejarla
1.3,dejarle
1,dejarles
1.48,dejarlo
1,dejarlos
1,dejárnoslo
2.58,dejas
1,déjasela
1.6,deje
1,dejen
1.78,dejes
2,dejo
1.7,dejó
1.48,del
3.72,del
2.48,delante
1.3,delgadito
1,delgaditos
2.75,demás
1.85,demasiado
1.6,demos
1,demuestras
1.48,den
1.48,dentista
3.44,dentro
1,depende
1,dependienta
1.3,deporte
1,deportivas
2.38,deprisa
1,derecha
1,derecho
2.08,des
1,desamueblada
1,desaparece
1.6,desaparecido
1.78,desastre
1,desatar
1.6,desayuna
1,desayunada
2.15,desayunado
1,desayunados
1.78,desayunan
1,desayunando
3.09,desayunar
1.6,desayunas
1,desayune
1,desayunen
2.72,desayuno
1.6,descalza
1.3,descalzo
1.3,descansa
1,descansan
1.3,descansando
2.04,descansar
1,descansas
1.3,descanse
1,descanséis
1,descansen
1,descarga
1,descargas
1.3,descogorciado
1,descolocada
1,descolocado
1.95,descubierto
1.3,descubre
1,descubres
1,descubrimiento
1,descubrimos
1.3,descubrir
1,descubrirla
1,descubrirlo
1,descubro
1,descuidados
2.64,desde
1,deseando
1,desesperada
1,deslizarse
1.3,desmayado
1,desmontar
1,desnudado
1,desobedeciendo
1.3,desobediente
1.3,desodorante
1.78,desorden
1.7,desordenada
1.85,desordenado
1,desordenados
1.3,desordenes
1.48,despacico
2.32,despacio
2.28,despacito
1,despeinadas
1,despeines
1.3,despertad
2.23,despertado
1.85,despertador
1.3,despertamos
1,despertando
2.38,despertar
1.3,despertará
1.48,despertarle
1,despertarles
1.3,despertarlos
1.48,despertarse
1.48,despertó
1,despide
1,despiden
1,despidiendo
2.11,despierta
1.7,despiertan
1.48,despiertas
1,despiértate
1.78,despierte
1.95,despierten
1.6,despiertes
1.6,despierto
1.3,despistada
1,despistado
3.2,después
1,destroza
1,destrozando
1,destrozar
1,destrozos
1,desván
1,detalle
1,detendrá
2.77,detrás
1.48,devuelto
2.62,di
1.3,dí
3.08,día
1,diablo
3.3,días
1.6,dibuja
1,dibujaba
1.9,dibujado
1,dibujáis
1,dibujamos
2.23,dibujando
1,dibujándole
1.3,dibujar
1.6,dibujito
1.3,dibujitos
3.22,dibujo
2.6,dibujos
3.34,dice
2.32,dicen
2.92,dices
3.1,dicho
2.26,diciendo
2.67,Diego
2.08,dientes
1,dieras
1.78,dieron
1,dieta
1.48,diez
1.48,diez
1,diferencia
1,diferente
2.18,difícil
1.78,diga
1.78,dígame
1.48,digan
2.36,digas
2.53,digo
1,dijeron
1,dijimos
1.48,dijiste
1.95,dijo
3.06,dile
2.3,diles
1,díles
1.9,dilo
1,dime
3.1,dime
1,díme
1,dímela
2.08,dímelo
1.48,dimos
1.6,dinero
1,dinos
1,dio
2.28,dió
1.48,Dioni
2.04,Dios
1.3,Dios
1.6,dirá
1.78,dirás
1,dirección
1,directamente
1.6,diremos
1.48,dirías
1,disfraces
1,disfraza
1,disfrazado
1.48,disfrazar
1,disfrazaste
1.3,disfrazó
1,disgustado
2.51,dispara
1.6,disparaba
1,disparada
1.7,disparado
1,disparan
1.48,disparando
2.08,disparar
1,dispararla
1.3,disparas
1,dispare
1.3,disparo
1.48,distancia
1.6,diste
1,distingues
1,distinguimos
1.78,distinta
1,distintas
1.7,distinto
1.3,distintos
1,distribuir
1,Diurli
1,divertida
2.43,divertido
1,divertirse
1,divierta
1,diviertan
1.3,divierten
1,divirtiendo
1.3,doblado
1,doblar
1,doblarlo
1,doblas
1,doble
1.3,doce
1.3,doctor
1,doler
1.48,dolerá
1.3,dolía
1.6,dolor
1,domésticos
1.3,domicilio
1.7,domingo
1.95,domir
2.3,donde
4.29,dónde
1.3,Dorita
1.9,dormía
1,dormíais
1.6,dormían
1,dormías
1.85,dormida
1,dormidicos
1,dormidita
1,dormidito
1.3,dormiditos
2.69,dormido
2.18,dormidos
1,dormilona
1.95,dormilones
1.48,dormimos
3.59,dormir
1.85,dormirá
1.3,dormirán
1,dormirse
1,dormís
2.23,dormitorio
1.3,dormitorios
3.49,dos
2.53,doy
1.7,ducha
1.3,duchando
2.32,duele
1,duelen
1,dueño
2.11,duerma
2.18,duerman
2.81,duerme
2.75,duermen
1.95,duermes
1,duermo
1.3,Dumbo
1.85,dura
1,duran
1,durar
1,durmamos
2.98,durmiendo
2,duro
1,duros
1.95,e
2.23,echa
1.3,echaba
1,echaban
1,echadica
1,echadico
1,echadito
2.18,echado
1,echados
1.7,échala
1.7,échale
1.48,échales
1.48,échalo
1.3,echame
1.3,échame
1,échamela
1.3,échamelo
2.11,echamos
1.78,echan
2.18,echando
1,echándoles
2.53,echar
1,echarán
1.3,echaremos
1,echarla
1.3,echarle
1.6,echarse
1.95,echas
1,eche
1,echemos
1.48,eches
1.48,echo
1,echó
1,edad
4.14,eh
2.54,Eider
2.61,ejemplo
1,el
4.78,el
2.72,él
1.78,elefante
1.48,elefantes
1,elegante
1.3,elegir
1.6,Elena
1.7,elige
1,eliges
1,elija
1,elijan
1.3,elijo
2.81,ella
1,ellas
1,ello
2.61,ellos
1.3,embargo
1,empachar
1.3,empapado
1,empapó
1,empeñes
1,empezaba
1,empezaban
1.85,empezado
2.11,empezamos
1,empezando
2.04,empezar
1,empezarás
1,empezó
2.62,empieza
1.3,empiezan
1.3,empiezas
1.48,empiezo
1,empinas
1.9,empuja
1.3,empujaba
1.3,empújale
1.48,empújales
1.3,empújalo
1,empújame
1.3,empujamos
1,empujándoles
1,empujar
1.6,empujas
1,empujemos
1.6,empujo
1,empujó
4.53,en
1,enanito
1.3,enanitos
1,encajado
1.85,encanta
1.3,encantada
1,encantados
1.3,encargado
1.6,encendida
1.3,encendidas
2,encendido
1,encendiendo
1.3,encerrada
1.7,encerrado
2.08,encerrados
1,encerrar
1,encerró
1,enchufada
1,enchufado
1,enchufándolo
1,enciende
1.3,encienden
1.48,encierras
1,encierres
2.23,encierro
3.01,encima
2.11,encontrado
1.3,encontráis
1,encontramos
1.3,encontrar
1,encontrarlo
1,encontré
1.6,encontró
1,encornar
1.85,encuentra
1.6,encuentran
1.85,encuentras
1,encuentre
1,encuentren
1.7,Eneko
1.6,enfada
1.6,enfadada
1.3,enfadadas
2.38,enfadado
1.3,enfadados
1.78,enfadar
1.3,enfadarse
1,enfadaste
1,enfades
1,enfado
1.3,enfadó
1.3,enferma
1.3,enfermera
1,enfermería
1,enfermita
1,enfermito
1.3,enfermo
1,enfrente
1.3,enfría
1.7,enfriar
1,enfriará
1.48,enfriarse
1.3,enfríe
1,engaña
1,engañado
1.3,engañando
1.48,engañar
1,engañarás
1.9,engancha
1,enganchadico
1.7,enganchado
1,enganchados
1,enganchan
2,enganchar
1,engancharla
1,engancharlo
1.3,enganchas
1,enganchó
1,engordado
1,engorde
1,engordo
1,Engracia
1.48,enorme
1.78,ensalada
1.78,ensayar
1.85,enseguida
1.3,enseguidica
1,enseña
1,enseñaban
1.95,enseñado
1,enseñale
2.08,enséñale
2.32,enséñame
1,enséñamelo
1,enseñamos
1,enseñan
1,enseñando
1,enseñándote
1,enséñanos
2.41,enseñar
1,enseñarles
2.15,enseñas
1.85,enseñe
1,enseñen
1,enseñes
2.3,enseño
1.3,enseñó
1.7,entendido
2.18,entera
1,enteraba
1,enterábamos
2.15,enterado
1,enteramos
1,enterando
1.3,enterar
1,enteras
1.3,entere
1,enterita
2.4,entero
1,enterraban
1,enterrado
1,entiendas
1,entiende
1,entiendes
2.23,entiendo
3.55,entonces
2.88,entra
1.3,entraba
1.3,entraban
1.3,entrada
2.48,entrado
1,entramos
2.51,entran
1.48,entrando
3.09,entrar
1.3,entrará
1,entrarán
1,entrarían
1,entrarlos
1.6,entras
2.4,entre
1.85,entren
1,entrenadores
1,entrenados
1.48,entrenando
1.48,entro
1,entró
1.3,envidia
1,equilibra
1,equilibrados
1,equilibre
1.3,equipo
1,equivocabas
1.3,equivocado
1,equivoques
3.48,era
2.41,eran
2.32,eras
1.6,érase
3.11,eres
1.6,Erik
1,Ernesto
4.76,es
3.81,esa
1.78,ésa
2.83,esas
1,escacha
1,escalando
2.28,escalera
2.58,escaleras
1.3,escaleritas
1,escalón
2.08,escapa
1.78,escapado
1.6,escapan
1.3,escapar
1,escapará
1,escaparse
1.6,escape
1.7,escapen
1,escapo
1.48,escapó
1,escayola
1,escayolada
2.26,escoba
1.3,escolar
1,esconde
1,esconded
1,escondemos
1.6,esconder
1,escondes
1.3,escondía
1,escondían
1.85,escondida
2.3,escondido
1.48,escondidos
1,escondieron
1.3,escondo
1.6,escopeta
1.3,escribe
1.7,escriben
1,escribes
1,escribía
2.49,escribiendo
1,escribieran
1.95,escribir
1.48,escrito
1.3,escuchad
1,escuchado
1.48,escúchame
1.3,escuchando
1.3,escuchar
1,escuchas
1,escucho
2.67,escuela
1,escuelas
1,escultura
1,escurras
1,escurres
4.06,ese
2.08,ése
4.11,eso
1,éso
3.36,esos
1.3,ésos
1,espacio
1.6,espada
1.3,espadas
2.08,espaguetis
1.6,espalda
1.6,espaldas
1.3,espantan
1,espantar
1,especial
1,espejo
3.09,espera
1,esperaba
1,esperábamos
1,esperad
1,espérame
1.3,esperamos
1.7,esperan
2.41,esperando
2.11,esperar
1.7,espérate
1.7,espero
1,espiga
1.3,espiguica
1.3,espinacas
1,Espinete
1.6,espuma
1,espumadera
1,espumaderas
1.7,esquiando
1.48,esquíes
1.48,esquina
3.64,esta
4.38,está
3.88,ésta
3.27,estaba
1.78,estabais
1.6,estábamos
2.67,estaban
2,estabas
1.48,establo
1,estación
2.41,estado
2.15,estáis
1,estallar
2.67,estamos
4,están
1,estando
1.7,estantería
3.12,estar
1,estara
2.81,estará
2.26,estarán
1.48,estarás
1.48,estaría
1.3,estarían
2.76,estas
3.13,estás
2.79,éstas
1,estatura
1.3,Este
3.73,este
2.3,esté
4.2,éste
1,estéis
1,estemos
1.95,estén
1.3,Esther
1.3,estirar
1,estiras
4.18,esto
1.95,ésto
1,estorba
3.31,estos
3.5,éstos
2.65,estoy
1.9,estrella
2.34,estrellas
1,estrellicas
1.3,estrellita
1.48,estrellitas
1,estropea
1.48,estropeado
1,estropeados
1,estropean
1.3,estropear
1.48,estudia
2.04,estudiando
2.18,estudiar
1.48,estudias
1,estudiaste
1,estudio
1.3,estufa
1,estupenda
1,estupendamente
1.95,estupendo
1,estuve
1,estuvieras
2.08,estuvimos
1.95,estuviste
1,Eugenia
1.48,Eurodisney
1.7,eusquera
1.3,exactamente
1,exacto
1.48,exagerado
1,excavadora
2.54,excursión
1.3,existe
1,existen
1,existía
1,explica
1.3,explicado
2.04,explícame
1,explicando
1.6,explicar
1.78,explicas
1,explico
1,explique
1,explotó
1.3,extraña
1.6,fácil
1.9,faena
1,Falbalá
1,falda
1.3,faldas
3.24,falta
1.6,faltaba
1,faltaban
1,faltado
2.34,faltan
1,faltaría
2.28,familia
1,familiar
1,fantasma
1,fantástico
1,faros
1,fastidia
1.3,Fátima
1,favor
2.26,favor
1,favorita
1.48,fea
1,feas
1,felices
1.3,felicidades
1,felicitado
1,felicitas
1,Felipe
1.3,Felisa
1.3,Felisín
1.3,Félix
1,feliz
2.28,feliz
1.48,fenomenal
1.6,feo
1,feos
1,feria
2.04,Fermín
1.85,Fermín
1.3,Fernando
1.6,feroz
1,festín
1,festival
1,fiambreras
1.3,ficha
2.36,fichas
2.68,fiesta
1.3,fiestas
1,fijación
2.23,fijado
1.3,fijaos
1,fijar
1,fijas
1,fijaste
2.74,fíjate
1,fijo
1,fijos
3.04,fila
1,filete
1.95,fin
2.41,final
1,finito
1.3,flaca
2.54,flauta
1.78,Flavia
1,flequillo
1.3,flor
1,florecitas
2.36,flores
1.3,flotador
1,flotadores
1,flotan
1.85,fogón
1,fogoncito
1,fogones
1,follón
2.18,fondo
1,footing
1.3,forma
1,formado
1.6,formal
1.48,formales
1,formas
1,forzar
2.48,foto
1,fotografía
1,fotografías
2.28,fotos
1,Franca
1,frascos
1,fregadera
1,fregado
1.48,fregar
1,frenado
1.9,frenar
1,frene
1,freno
1,frenos
1,frente
2.2,fresa
1.85,fresas
1,fresca
1,fresquito
1.78,fría
1,frías
1,friega
1.48,frigorífico
3.12,frío
1.78,fritas
1.3,frito
1.95,fruta
1,frutas
2.28,fue
2.91,fuego
1,fuegos
1.78,fuente
3.07,fuera
1,fueran
1.48,fueron
2.92,fuerte
1.3,fuertes
1.6,fuerza
1.3,fuerzas
1,fuese
1.85,fuimos
1.78,fuiste
1.9,fuma
1.48,fumando
1.3,fumar
1,Fun
1.7,funciona
1,funcionaba
1,funcionar
1.3,fundamento
1.3,futbito
2.65,fútbol
1.6,gafas
1.3,gafitas
1.3,Gallego
1.9,galleta
2.18,galletas
1.6,gallina
1,gallinas
1.78,gallo
1.48,gamberra
1.3,gamberrete
1.3,gamberretes
1.78,gamberro
1,gamberros
2,gana
1,ganaba
1,ganaderos
2,ganado
1.3,ganan
1.3,ganando
1.6,ganar
2.04,ganas
1.3,ganaste
1,gané
1,gano
3.6,garaje
1.3,garajes
1.6,Garasi
1.48,garbanzos
1.7,Garfio
1.6,garfio
1,garganta
2,gasolina
1,gasolinera
1.48,Gaspar
1.3,gasta
1.48,gata
1,gatica
2.46,gatico
1,gaticos
2.85,gatito
1.3,gatitos
3.35,gato
1.78,gatos
1.85,gatuno
1,gemelas
1.48,gemelos
1,genio
2.23,gente
1.3,Gepetto
1,Gepitto
1,gigante
1.6,gigantes
1.9,gimnasia
1.48,gimnasio
1,globo
1.48,globos
1,glotones
1.9,gol
1.3,golazo
1.3,goles
2.3,golpe
1,golpes
1.3,golpetón
1.48,goma
1,Gominolas
1,gomita
1.3,Gondra
1.3,Gonzalo
1.9,gorda
1.3,gordas
1.3,gordita
1.3,gordito
2.2,gordo
1.3,gordos
1.6,Gorka
1.3,gorra
1,gorras
1,gorrico
1,gorrines
1.3,gorrito
2.9,gorro
1.7,gorros
1,gotas
1,graba
1.78,grabando
1.3,grabar
1,grabaron
2,gracia
2.15,gracias
1,gracioso
1,Gramioneta
1,gran
3.49,grande
2.43,grandes
1,grandísimo
1,grandísimos
1.6,grandota
2.83,granja
1.3,granjas
2.65,granjero
1.48,granjeros
1,granuja
1,grave
1,grifito
1.3,gris
1.6,grita
1,gritaba
1.3,gritado
1,gritan
1.48,gritando
1.7,gritar
1,gritarás
1,gritas
1.48,grites
1,grogui
1.48,grúa
1.3,grupos
1.3,guachi
1.85,guantes
2.08,guapa
1,guapa+guapa
1,guapísima
1.7,guapo
1.3,guapos
2.08,guarda
1.3,guardaba
1.48,guardada
1,guardadas
1.3,guardadico
2,guardado
1.48,guardados
1,guardala
1,guárdalas
1.48,guardalo
1.3,guárdalo
1,guardalos
2.26,guardamos
1.85,guardan
1.6,guardando
2.62,guardar
1.48,guardarías
1,guardarla
1,guardarle
1.78,guardarlo
1.48,guardarlos
1.85,guardas
1,guardemos
2.56,guardería
1.48,guardia
1.3,guardo
1,guau
1.9,guau+guau
2.41,guay
1,guayes
1.48,guerra
2.28,Guillermo
1.3,guinda
1.48,guindas
1.48,guiñol
1,guirnalda
1,guirnaldas
1,guisar
1,guitarra
1.3,Gus
1,gusanitos
3.52,gusta
1.85,gustaba
1.3,gustaban
2.56,gustado
2.66,gustan
1,gustando
1.3,gustar
1.48,gustará
1.9,gustaría
1,gustaron
1.3,Gustavo
1.78,guste
1,gustico
1.3,gustito
2.38,gusto
1.3,gustó
4.16,ha
2.69,habéis
2.11,haber
1,haberlo
3.24,había
1.3,habíais
2.4,habíamos
2.15,habían
2.48,habías
1.3,habido
3.4,habitación
2.51,habitaciones
2.62,habla
1,hablaban
1.3,habláis
1,háblales
1,hablame
1.6,háblame
1,hablamos
1.6,hablan
2.08,hablando
1,háblanos
2.41,hablar
2.32,hablas
1,hable
1.3,hablen
1.78,hables
3.09,habrá
2.23,habrán
1.48,habrás
1,habré
3.9,hace
1,haced
2.15,hacéis
3.28,hacemos
3.66,hacen
3.71,hacer
1,hacerla
1,hacerlas
1.6,hacerle
1.85,hacerles
1.9,hacerlo
1,hacerlos
1,hacernos
1.3,hacerse
1.48,hacerte
3.14,haces
1.95,hacia
2.71,hacía
1.6,hacíais
1.95,hacíamos
2.57,hacían
1.85,hacías
3.67,haciendo
1.9,hada
2.15,haga
1.85,hagamos
1.6,hagan
1.95,hagas
2.34,hago
1.3,hamaca
2.88,hambre
1,hamburguesas
3.71,han
1.3,Hansel
2.08,hará
1.3,harán
1.3,harás
1.6,haremos
1.48,haría
1,hartar
1,hartos
3.93,has
3.02,hasta
4.24,hay
1.6,haya
2.04,haz
1,hazla
1.6,hazle
1.48,hazles
1.3,hazlo
1,hazme
1,hazte
3.1,he
1.48,hecha
1.48,hechas
3.45,hecho
1.7,Héctor
1,heladito
2.11,helado
1.48,helados
1,helando
3.16,hemos
1.48,herida
1,heridita
1,herido
1.48,heridos
2.36,hermana
1.48,hermanas
1.48,hermanico
1.85,hermanita
2.59,hermanito
2.18,hermanitos
2.81,hermano
1.85,hermanos
1,herramientas
1.85,hicieron
2,hicimos
1.7,hiciste
1.3,hicisteis
1.48,hielo
2.65,hierba
1,hierbas
1.7,hierbita
2.61,hija
1,hijico
1.6,hijito
1.6,hijitos
2.86,hijo
2.57,hijos
1,hinchables
1,hinchado
1.3,hiper
1,hipódromo
2.23,historia
1,historias
1,historieta
2.34,hizo
1,hoguera
2.7,hoja
2.46,hojas
1,hojitas
3.26,hola
3.2,hombre
1,hombres
1.78,hombro
1,hombros
2.69,hora
1.85,horas
1,hormigas
1.9,horno
1.7,horror
1.3,Hortensia
2.51,hospital
3.12,hoy
1,hubiera
1,hubiese
1,hueco
1.7,huele
1,huella
1.6,huellas
1,huequico
1,huequillo
1,huerta
1,hueso
1,huesos
1.7,huevo
1,huevos
1.3,hum
2.67,humo
1,Humus
1.3,hunde
1.48,hundido
1,hundidos
1,hundir
1,huracán
3.24,huy
2.83,iba
1,ibais
2,íbamos
2.59,iban
2.11,ibas
1,id
2.23,idea
1.3,ideas
1,idéntico
1,idioma
2.97,ido
1,idos
1.48,Idoya
1.3,Iglesia
1.48,iglesia
2.48,Ignacio
1.3,Igoa
3.41,igual
2.4,iguales
1,Ikaku
2.66,ikastola
1.48,Ilarregui
1,ilusión
1,imagen
1.48,imaginación
1,imaginaciones
1.7,imaginamos
1,imaginas
1.3,imagínate
1.3,imagino
1,Imanol
2.26,importa
1,imposible
1,impresionante
2.23,Iñaki
1,inclinarlo
1.3,incómodas
1.3,incómodo
1,incompleta
1.3,india
1.3,infantil
1.95,inglés
1,Iñigazo
3.13,Iñigo
1.3,Iñigos
1,insiste
1.3,intenta
1,intentalo
1.3,inténtalo
1,intentando
1.48,intentar
1.6,intentarlo
1,interesa
1.3,interesante
1,invadido
1,inventabas
1,inventado
2.11,inventamos
1,inventando
1,inventar
1,inventarlo
1,inventarlos
1,inventártelo
1.3,inventas
1,invéntate
2.4,invierno
1,invitabas
1.78,invitado
1,invitáis
1.6,invitamos
1.6,invitar
1,invitarán
1,invitarás
1,invito
1,Ioni
2.45,Ioseba
1.3,Iosu
3.58,ir
2,irá
1,Iraizoz
2,irán
1.3,Iranzu
1.3,irás
1.6,Irati
1.48,Ire
1.9,iremos
2.56,Irene
1,irían
1,iros
2.26,irse
1.48,irte
1,Iruña
1,Isabel
2.34,Isabela
1,isla
2.2,Itxasne
1.7,Itxaso
1,Ivan
2.11,Ivón
1,Izasku
2.79,Izaskun
1,izquierda
1.78,ja
1,jabalí
1.6,jabón
1,Jaca
2.76,Jaime
1.9,jaleo
1.6,jamón
1.3,Jara
2.87,jardín
1,jardinera
1.3,jardines
1.3,jarrón
1.3,Jaso
1.3,jaula
1.7,Javi
3.19,Javier
1.6,Javier
1.3,Javieres
1.48,Javierico
1,Jayone
1,jefe
1.3,jefes
1.78,jersey
1.95,Jesús
1.48,jeta
1,jirafa
2.72,jo
1.3,Joaquín
1.48,jobar
1,Joe
1.3,John
1,Johny
1,Jokin
2.28,jolín
1,Jon
1,Jonhatan
1,jope
1.3,Jorge
1.9,Jose
1,Jose
1.48,Josefa
1.3,jota
1,joven
1,joyero
2.43,Juan
1,Juan
1,Juanchicho
1.78,Juanchito
1.78,Juancho
1,Juande
1,Juanita
2.08,Juanito
2.68,juega
2.83,juegan
2.56,juegas
2.46,juego
1.7,juegos
1.6,juegue
2.11,jueguen
1.3,juegues
1.6,juerga
1.48,jugaba
1.48,jugábamos
1.78,jugaban
1.3,jugabas
1,jugad
2.15,jugado
1.6,jugáis
2.54,jugamos
3.28,jugando
3.53,jugar
1,jugara
1,jugará
1,jugaré
1.3,jugaremos
1,jugaron
1.6,jugaste
1.3,juguéis
2,juguemos
2.41,juguete
3.1,juguetes
1,jugueticos
2.72,Julen
1.3,Juli
2.85,Julia
1,Julita
1.3,junta
1,júntalas
1.95,juntas
1.7,junticos
1,juntitas
1,juntito
2,juntitos
1.78,junto
2.72,juntos
1,justa
1.48,justos
1.3,Katiuskas
1.3,Kelos
1.3,Kike
1.48,Kiliki
1.6,kiliki
1.3,Kilikis
1.48,kilo
1.3,Koldo
1,la
4.86,la
1.6,la
1,labios
1,lacitos
1,ladera
1,ladico
3.06,lado
1.78,lados
1,ladrando
1.3,ladrar
1,ladrillo
1,ladrillos
2.18,ladrón
1.7,ladrones
1.3,lagartija
1.6,lagartijas
2,lago
1,Lagu
1,lamía
1,lámina
1,láminas
1.78,lámpara
1,lana
1,Landrover
1.3,lanzado
1,lanzo
1.48,lápiz
1,Lara
1,Laredo
1.6,larga
1.85,largas
2.08,largo
1.3,largos
1.3,Larraiz
4.03,las
1.9,Lasi
1,Laska
1,lástima
1.3,Laura
1,lava
1.9,lavado
1,lavadora
1,lavan
1.85,lavar
1.6,lavarse
1.3,lavas
1.48,lave
1,laven
1.95,lazo
1.78,lazos
4.29,le
1.48,lea
1.48,leamos
1.3,leas
1,lección
2.83,leche
1,lechita
1.78,lechuga
1.48,lee
1.48,leelo
1,leemelo
1.85,leemos
2.38,leer
1.7,leerlo
1,leerlos
1.6,lees
1.95,leído
1,lejano
1,lejicos
2.63,lejos
1.78,lengua
1.3,lenteja
2.23,lentejas
1,Leo
2.15,leo
1,León
2.15,león
1.3,leones
1,Lerga
3.9,les
1.3,letra
2.4,letras
2.51,levanta
1.3,levantaba
2,levantado
1,levantados
1.3,levantáis
1,levántala
1,levántale
1,levántales
1,levántalos
1.7,levantamos
2.36,levantan
1.95,levantando
2.58,levantar
1,levantaré
1,levantarle
1,levantarlos
1,levantarme
1,levantaron
2.08,levantarse
1.6,levantas
1.3,levántate
1.85,levante
1,levantéis
1.95,levanten
1.78,leyendo
1.3,Leyre
1,liamos
1,libertad
1.78,libre
1.3,libres
2.04,libro
2,libros
1.3,lila
1.3,limón
1,limpia
1,limpiaba
1,límpialo
1,limpiamos
1,limpiando
1.85,limpiar
1,limpiarle
1,limpiarlo
1,limpiarse
1,limpiarte
1,limpias
1,limpieza
1,limpio
1,Lindo
1.6,lío
1.7,lista
1,listo
1,listos
3.66,llama
2.67,llamaba
1,llamabais
1.7,llamaban
1,llamabas
2.08,llamado
1,llamáis
1.7,llámale
1.6,llámales
1.3,llámalos
1,llámame
2.23,llamamos
2.86,llaman
2.28,llamando
2.78,llamar
1.95,llamará
1,llamarán
1,llamarás
1,llamaría
1,llamarías
1.7,llamarle
1,llamaros
1,llamarte
2.46,llamas
1,llamaste
1.95,llame
1.3,llamemos
1,llamen
1,llames
2.3,llamo
1,llamó
2.04,llave
1.9,llaves
2.36,llega
1,llegaba
1,llegaban
1,llegabas
2.41,llegado
1.48,llegamos
2.08,llegan
1,llegando
1.78,llegar
1,llegarás
2.23,llegas
1.78,llego
1.48,llegó
1.48,llegue
1,lleguemos
1,lleguen
2.11,llena
1.3,llenado
1.6,llenamos
1.3,llenar
1,llenarlo
1.48,llenas
2.23,lleno
1.48,llenos
3.46,lleva
2.32,llevaba
1,llevaban
2.28,llevado
1.85,llévala
1,llévalas
1.95,llévale
2.2,llévales
1.6,llévalo
1.78,llévalos
1.78,llévame
2.52,llevamos
2.93,llevan
2.15,llevando
1,llevándoles
1,llévanos
2.76,llevar
1.7,llevará
1,llevaré
1.3,llevaremos
1,llevarías
1.48,llevarla
1.3,llevarlas
1.48,llevarle
1.48,llevarles
1.3,llevarlo
2,llevarlos
1,llevarnos
1,llevarse
2.61,llevas
1,llevase
1.3,llévate
1,llévatelos
1.78,lleve
1,llevé
1.6,llevemos
1.3,lleven
2,llevo
1.6,llevó
2.61,llora
1,lloraba
1.3,llorado
1.48,lloran
2.54,llorando
2.11,llorar
1.3,llorará
1,llorarán
1.6,lloras
1,llore
1.3,llorón
2.15,llover
1.6,llovía
1.78,llovido
2.3,lloviendo
1.6,llueva
2.38,llueve
1.78,lluvia
4.29,lo
3.05,lobo
1.9,lobos
1.78,loca
1.6,loco
1.3,locomotora
1,locos
1,Loli
1,loquillo
4.42,los
1.3,Lourdes
1.48,Lucas
1.48,luces
1,lucha
1.3,luchar
1,Lucki
3.53,luego
1,lugar
1.6,Luis
2.46,Luis
1,Luisa
1,lujo
2.36,luna
1.3,lunas
1.3,lunes
1,Luqui
2.18,luz
2.38,macarrones
1,macho
1.48,madera
2.83,madre
1,madre
2.43,madre_mía
1.9,Madrid
1,madrugado
1.3,madrugar
1,maestra
1.3,magdalena
1.7,magdalenas
1.3,magia
1,mágica
1,mágicas
1.3,mágico
1,mágicos
1.48,Mago
1.6,mago
1.48,Magos
2.4,Magos
1,magos
2.77,Maialen
1,Maider
2.9,Maite
1,maíz
1.7,maja
1.3,majas
1,majica
1.3,majico
1.3,majicos
1.48,majo
1,majos
2.86,mal
1.78,mala
1,malas
1.3,maleta
1,maletas
1,maletitas
1,malica
1,malico
1,malicos
2.11,malita
1.7,malito
1,malitos
2.6,malo
2.08,malos
1,mama
3.85,mamá
1,mamar
1.85,mamás
1,Mamen
1.6,mami
1,Manada
2.76,mañana
1.48,mañanas
1.3,mancha
1.3,manchado
1,manchar
1.3,manchas
1,manda
1.78,mandado
1,mándales
1,mandamos
1,mandan
1,mandando
1,mandaremos
1.3,mandarina
1.3,mandarinas
1.3,mandas
1.9,mando
1,manejando
1,manejar
1,manejarla
1,manejas
1,manejo
2.26,Manel
1.3,manera
1,maneras
1.3,manga
1.3,mangitos
1.3,maniobra
1.3,manita
1,manitas
3,mano
1.3,Manolito
3.03,Manolo
2.56,manos
1,mansión
1.3,manta
1,mantas
1.3,mantel
1,mantequilla
1.3,mantitas
1.48,Manuel
1.3,Manuela
1.3,manzana
1,manzanas
1,máquina
1.48,maquinista
2.08,mar
1.6,mar
1,marcan
1.3,marcha
1,marchado
1,marchan
1.48,marchar
1,marcharnos
1,marchemos
1,marciana
1,marco
1.3,marea
1,mareado
1,mareando
1.3,marear
1,marearás
1,mareen
1.3,marees
1,mares
1.85,Margari
1.9,Margarita
1,margaritas
1.6,Mari
1,Maria
2.8,María
1,Mariaje
1,Mariamor
1.6,Mariangeles
1,Mariángeles
1,Mariano
1.6,Maricarmen
1,Marichu
1,marido
1.48,Marijose
1.48,Marina
1.3,marineros
1,Mario
1,marioneta
1,marionetas
1,Maripan
1,Maripol
1,mariposas
1,Marisita
1.7,Maristas
1.3,marrano
1.7,marrón
1,marrones
3.2,Marta
1.48,Martín
1.48,mas
4.19,más
1.3,mascota
1.6,mástil
1.7,mástiles
1.3,matada
1.6,matado
1.3,matar
1,matará
1,matarles
1,mató
1.3,matrimonio
2.79,mayor
2.36,mayores
1,mayúsculas
4.14,me
1.3,meado
2.58,mecachis
1,mechero
1,medalla
1.3,media
1,mediana
1,mediano
1,medianos
2.67,médico
2.18,medio
3.06,mejor
1.7,Melchor
1.3,melena
1,melliza
1,melón
1,memoria
1,Mendillorri
1,menea
2.41,menos
1.3,mentir
1.3,mentira
1.78,mentiras
1.3,mentirijillas
1.3,mentirosilla
1.3,menú
1,menuda
2,menudo
1,menudos
1.3,mercado
1,merendábamos
1.78,merendado
1,merendamos
1.3,merendando
2.96,merendar
1,merendemos
1,merendero
1.3,merendola
2.59,merienda
1.3,meriendan
1.48,meriendas
1,merienden
1,mermelada
3.61,mesa
2.4,mesas
1,meses
1.6,mesica
1.3,mesilla
1.3,mesillas
1,mesillita
2.87,mesita
1.48,mesitas
1,meta
1.48,metamos
1,metan
2.26,metas
2.86,mete
2.2,métela
1.6,mételas
1.48,métele
1.7,mételes
2.26,mételo
2.11,mételos
2.77,metemos
2.32,meten
3.18,meter
1.3,meterá
1.3,meteremos
1,meterías
1.9,meterla
1.7,meterlas
1.3,meterle
1,meterles
2.08,meterlo
1.78,meterlos
1,meterme
1.3,meternos
1,meteros
1.3,meterse
2.69,metes
1,métete
1.9,metía
1,metías
1.7,metida
1,metidas
1,metidico
1,metiditas
2.83,metido
2,metidos
1.7,metiendo
1,metieron
1.6,metió
1,metiste
1.78,meto
3.38,mi
2.68,mí
2.48,mía
1,mías
1.3,Michi
1.48,Micky
2.04,micrófono
1,microondas
2.61,miedo
1.6,miel
2.51,mientras
1.3,migas
2.18,Miguel
1,Miguelico
1,miguicas
1.3,miguitas
1,Mikael
1.95,Mikel
1.3,mil
1,militar
1,mimos
1.3,Minnie
1.3,minúsculas
1,minuticos
1.85,minutos
2.49,mío
1.48,míos
4.39,mira
1,miraba
2.08,mirad
1,miradlo
1.3,mirado
1.95,mírala
1.3,míralas
1.85,mírale
1.3,mírales
1,miralo
2.45,míralo
1.6,míralos
1,mírame
2.04,miramos
1.85,miran
2.74,mirando
1,mirándoles
2.61,mirar
1.6,mirarlo
1,mirarte
2.2,miras
1.3,mire
1.3,miremos
1,miren
1,mires
1.3,Miriam
1.78,miro
1.3,mis
1.48,misa
1,Mise
3.09,Misi
1,Misioneras
2.34,misma
1,mismamente
2.66,mismo
1,mismos
1,misterio
1.3,mitad
2,mochila
2.36,mochilas
1,moderna
1,moderno
1,moflete
1,mofletes
1.3,mogollón
1,Mohui
1,moisés
2.04,moja
1,mojabas
1.48,mojada
2.51,mojado
1.48,mojados
1.48,mojan
1.48,mojando
2.28,mojar
1,mojará
1,mojarse
1.3,moje
1.6,mojen
1.48,mojó
1.78,molesta
1,molestado
1,molestan
1,molestar
1.3,moleste
1,molestó
1,molino
1.3,momentico
1.9,momento
1,momentos
1.7,mona
1,monas
1,Monasterio
1.48,mono
1.7,moño
2.59,monopatín
1.48,monos
1.3,Monreal
2.2,monstruo
1,monstruos
2.7,monta
1,montaba
1.3,montábamos
1,montaban
1,montabas
1.7,montada
2.43,montado
1.7,montados
1.3,móntala
2.18,móntale
2.04,móntales
1.7,móntalo
1.48,móntalos
2.41,montamos
2.15,montan
1.9,montaña
1,montaña+rusa
1.3,montañas
1.3,montando
1,móntanos
3.15,montar
1,montaremos
1,montaría
1,montarla
1.48,montarles
1.95,montarlo
1.48,montarlos
1,montarnos
2.11,montarse
1.48,montarte
2.43,montas
1.3,montaste
1.6,móntate
2.79,monte
1.6,montes
1.78,monto
1,montó
2.08,montón
1,moquillo
1.3,morado
1,morados
1.48,morder
1,mordido
1.3,mordiendo
1,mordió
1.48,mordisco
1.3,morena
1,moreno
1,morenos
1,morido
1.3,morir
1,morirá
1,morirán
1,morrazo
1,morritos
1.7,morro
1,morros
1,mosca
1.6,moscas
1.7,moto
1.48,mover
1.3,moverte
1,movía
1,movido
1,moviendo
1,movimiento
2.08,moza
1.3,Mozart
1.3,mozo
1,mozos
2.45,mucha
2.78,muchas
1,muchísima
1,muchísimo
3.44,mucho
2.82,muchos
1,mueble
2.49,muebles
1,muerda
1,muerdas
2.04,muerde
1,muerden
1.6,muere
1.48,mueren
1.85,muerto
1,muertos
1,mueva
1,muevas
2.48,mueve
1.3,muévelo
1.78,mueven
1.6,mueves
1.48,muevo
1,mugir
1.48,mujer
1,mujeres
1.6,multa
1.95,mundo
2,muñeca
1.3,muñecas
3.18,muñeco
2.92,muñecos
1.7,muñequicos
1.85,muñequito
1.85,muñequitos
1,muriendo
1.48,murió
1,Muruzábal
2.11,música
1,músicos
4.12,muy
1,nace
1,nacido
1,nacimiento
1,nació
2.08,nada
3.5,nada
1.6,nadando
2,nadar
1.6,nadas
2.94,nadie
1,Naiara
1.3,nana
2.51,naranja
1.7,naranjas
1.7,narices
2.85,nariz
1,narizota
2.15,Naroa
1,natación
1.78,Nati
1.48,natilla
2.08,natillas
1,natillitas
1.6,natural
1,navega
1,navegando
3.27,Navidad
1.9,navidad
1.9,Navidades
1.48,navidades
1,navideña
1,Naya
1.3,Nayara
1.48,necesita
1.7,necesitamos
1.3,necesitan
1,necesitas
1.3,necesito
1,negra
1,negras
1,Negri
2.34,negro
2.04,negros
2.74,nena
1.48,nenas
2.93,nene
2.83,nenes
1.7,nenica
1.48,nenico
1.48,nenicos
1.6,Nerea
1.48,nerviosa
1.48,Nesquik
1.3,nevaba
1.95,nevado
1.48,nevados
2.45,nevando
1.48,nevar
1.48,nevó
2.74,ni
1.9,Nicolás
1,nidito
2.41,nido
1.48,nidos
2.08,nieva
3.55,nieve
3.62,niña
2.4,niñas
2.34,ningún
1.9,ninguna
1.78,ninguno
1,niñita
1,niñito
1,niño
3.7,niño
3.82,niños
1.3,nivelar
4.88,no
3.06,noche
1.6,noches
2.11,nocilla
1.3,Noel
1.95,Noelia
2.84,nombre
2.32,nombres
1,nomo
1.6,normal
1,normales
1.48,normalmente
1,normas
3.44,nos
1.7,nosotras
2.49,nosotros
1,nota
1,notan
1.3,notas
1.3,novio
1,nubes
1,nublarse
2.23,nuestra
1.3,nuestras
2,nuestro
1.6,nuestros
1.7,nueva
2.04,nuevas
1,nueve
1.95,nuevo
1.6,nuevos
1,número
1.3,números
1,numerosa
2.46,nunca
1,Nuria
4.06,o
1,Obanos
1,obedece
1,obedecen
1,obedeces
1,obediente
1,Obelix
1,oca
1.7,ocho
1,ocupa
1,ocupaba
1.3,ocupado
1,ocupados
2.04,ocurre
1,ocurriendo
1.3,ocurrió
1.48,Odei
1,Oeste
1,oficina
3.6,oh
1,oía
1.48,Oiarzun
1,oido
2.04,oído
1.6,oiga
1,oigamos
1,oigan
2.97,oigo
1.95,Oihane
1,oimos
1,oímos
1.7,oír
1.3,oírte
1,ojicos
1,ojitos
1.78,ojo
2.38,ojos
1,ola
1,olas
1.3,ole
2.54,Olentzero
1,Olivia
1,olla
1.3,olor
1,olvida
1,olvidada
2.46,olvidado
1,Onai
1,operar
1,orangután
2.2,orden
1.7,ordeña
1.3,ordeñaban
1,ordenada
1,ordenadas
1,ordenaditas
1,ordenadito
1.78,ordenado
1.7,ordeñado
1.3,ordenador
1.3,ordenados
1,ordenalo
1,ordénalo
1.48,ordenamos
1.3,ordeñamos
1.3,ordenando
2.04,ordenar
2.04,ordeñar
1,ordenarías
1,ordenarla
1,ordenarlas
1.3,ordenas
1,ordeñasen
1.3,ordeñe
1,ordenemos
1,Oreja
1.78,oreja
2.04,orejas
1,organicemos
1.48,organiza
1,organizada
1,organizado
1,organízalo
1,organizamos
1,organizando
1.6,organizar
1.3,organizas
1.7,Oriente
1,oriente
1,original
1.48,orinal
1.3,orinales
1,Orrá
2.82,os
1,Osasuna
1,oscuras
1.7,oscuro
1,Osi
1,osico
2.08,osito
1.3,ositos
2.04,oso
1,ostras
1.3,ostrás
1.48,otoño
3.72,otra
2.26,otras
3.73,otro
2.7,otros
3.29,oveja
2.54,ovejas
1.6,ovejica
1.48,ovejicas
2.56,ovejita
1.85,ovejitas
1,oxigenada
2.61,oy
1,Oyan
3.64,oye
1.3,oyen
1.3,oyendo
1.6,oyes
1,Oz
2.08,Pablo
1,Paca
1.3,pachucha
2,Paco
2.71,padre
2,padres
2.43,página
1.7,páginas
1,paisaje
1,paisano
1,paises
1.95,pajarico
2.28,pajaricos
1.3,pajarillos
2.28,pajarito
3.01,pajaritos
2.08,pájaro
2.26,pájaros
1,pajas
1,paje
1,pajita
1.3,pala
1,palabras
1.3,palas
1,palicos
1.7,palito
1,palitos
1,paliza
1,palmera
2.43,palo
1.48,palomas
2.08,palomitas
2.26,palos
1,Pampinabat
1.9,Pamplona
2.15,pan
1,pañal
1,pandereta
2.11,pandilla
1.85,pantalón
1.7,pantalones
1,pantaloneta
1.78,pañuelo
1.3,pañuelos
1.3,Papá
3.77,papá
3.26,Papa_Noel
3.08,papás
2.2,papel
1.3,papeles
1,papi
1,Papim
1,Papin
1.3,Papín
1.3,papito
1,paquete
1,paquetito
1,Paquito
4.2,para
1.48,parado
1.7,paraguas
1.85,parar
1.3,pararon
1,párate
1,pare
3.72,parece
2.2,parecen
1.6,pareces
1.9,parecía
1,parecían
1.3,parecías
1.3,parecida
1.3,parecidas
2,parecido
1.3,parecidos
2.04,pared
1.6,paredes
1.3,pareja
1,paren
1,parezca
1,paro
3.18,parque
1,parques
1.85,parte
1.6,partido
1,partiendo
1,partimos
1,partir
3.79,pasa
2.38,pasaba
3.36,pasado
1,pasajeros
1.3,pásala
1,pásalo
2.34,pasamos
2.3,pasan
2.38,pasando
2.97,pasar
2.08,pasará
1,pasaría
1,pasarías
1,pasarlo
1.9,pasas
1,pasaste
1.7,pase
1,paseado
1,pasean
1.78,paseando
2.54,pasear
1,pasearlos
1,pasearte
1,paseas
1,pasee
1,paséis
1.48,pasen
2.81,paseo
1,paseos
1.9,pases
1.3,pasillo
1.85,paso
2.53,pasó
3.18,pastel
2,pasteles
1,pastelico
1,pastelito
1.3,pastelitos
1,pastitas
1.3,pasto
1.78,pastor
2.77,pata
2.11,patada
1.7,patadas
2.36,patas
1.78,patata
2.3,patatas
1,patatitas
1.7,patica
1,paticas
2.76,patín
2,patina
1.3,patinado
2.6,patinando
2.53,patinar
1.7,patinas
2.26,patines
1.3,patineta
3.03,patinete
2.73,patio
2.46,patita
1,patitas
1.3,patito
1.48,pato
1.6,patos
1,Patricia
1,patudo
1.3,Patxi
1.9,Paula
1.85,payasete
1,payasetes
1.95,payaso
1.3,payasos
1.95,paz
1.3,pececitos
1,pecera
1.6,peces
1,pedacito
1,pediatra
1.9,pedido
1,pedimos
2.04,pedir
1,pedirles
1,Pedrito
1.78,Pedro
2.15,pega
1.3,pegada
2.08,pegado
1.48,pegan
1.78,pegar
1.3,pegarle
1.3,pegarles
1,pegas
1.6,pegatina
1.7,pegatinas
1.3,pego
1,pegó
1,pegue
1.7,pegues
1.48,peinado
1.3,pela
1.48,pelea
1,peleaba
1,peleaban
1.6,pelean
2.04,pelear
1.3,peleéis
1,peleen
1,peleó
1,pelico
2.32,película
1.3,películas
1,peligro
1,peligrosísimo
1.7,peligroso
1.3,peligrosos
1,pelito
2.98,Pello
2.75,pelo
1.7,pelos
3.12,pelota
2.08,pelotas
1,pelotazos
1.6,pelotita
1.48,pelotitas
1,peluche
1,peluda
1.48,peluquería
1,pelusita
2.04,pena
1.3,pendiente
1,penita
2.49,pensaba
1.48,pensado
2.32,pensando
1.78,pensar
1,pensará
1.48,pensativa
1,pensemos
1,peor
2.95,Pepa
1.95,Pepe
2.11,Pepi
1.6,Pepita
1.7,Pepito
1,Pequeland
2.97,pequeña
1.48,pequeñaja
1.3,pequeñajas
1.95,pequeñajo
1,pequeñajos
2.15,pequeñas
1,pequeñica
1.85,pequeñico
1.6,pequeñicos
1,pequeñín
1.3,pequeñines
2.43,pequeñita
1.7,pequeñitas
2.53,pequeñito
2,pequeñitos
2.86,pequeño
2.45,pequeños
1.9,pera
1,peras
1,percha
1.3,perchas
1.3,perder
2.2,perdido
1,perdidos
1.3,Perdita
1.3,perdón
1.7,perdona
1,perezosa
1,perezosillos
1,perezoso
1,perezosos
1,perfectamente
1.3,permiso
4.23,pero
1.3,perola
1,perolas
1,perra
1,perrajo
2.11,perrico
1.3,perrita
2.62,perrito
3.27,perro
1.7,perro+lobo
2,perros
2.26,persiana
2.08,persona
1.85,personas
2.2,pesa
1,pesadillas
1.3,pesado
1,pesar
1,pescadito
2.11,pescado
1,pescar
1.3,pescas
1,pesebre
1,peso
1,Peto
1,Petra
1.85,pez
1,pezuñas
1,piano
1.6,pica
1,picaban
1,picado
1,pican
1,picar
1.7,pico
1,pidan
1,pidas
1.3,pide
1,pides
1,pídeselo
1.48,pidiendo
1.7,pido
2.82,pie
1,piececito
1.78,piedras
1,piedrecitas
1.78,piensa
1.9,piensas
1,piense
1.6,pienso
1,pierda
1.3,pierde
1.3,pierden
2.11,pierna
2.18,piernas
2.52,pies
1.3,pieza
1.6,piezas
1.78,pijama
1,pila
2.04,Pilar
1,Pilartxo
1.48,pilas
1.48,Pili
2.15,pilla
1,pillaba
1.95,pillado
1,píllame
1,pillamos
1.3,pillan
2.11,pillar
1,pillará
1.3,pillaré
1.7,pillas
1.48,pille
1.48,pilles
1.3,pillo
1.3,pillos
1.3,pimientos
1,Pimpón
1.48,Pimpos
2.11,Pin
1,piña
1.6,pincha
1,pinchadas
1,pinchado
1,pinchar
1.3,pincho
1,pinchó
2.8,pino
1.7,pinos
2.77,pinta
1.3,pintaba
1,pintada
1,pintadas
2.28,pintado
1,pintados
1.3,pintamos
1.85,pintan
2.89,pintando
2.63,pintar
1,pintarles
1,pintarlo
1.6,pintas
2,pintó
1.9,pintura
2.08,pinturas
1,pinturita
1,pio
1.7,Piolín
1.95,pipa
1,pipas
2.18,Pipi
1,pipi
2.56,pirata
2.85,piratas
1,Pirineos
1,piruja
2.34,pis
1,pisado
1,pisan
1.48,pisando
1.48,pisar
2.34,piscina
1,piscinica
1.6,pises
2.08,piso
1.3,pisos
1,pisoteando
1,pista
1.3,pistacho
1.9,pistola
1,pistolas
1,Piti
1.3,Pitillas
1.85,pizza
1,plan
1,Plancha
1,planchar
1,plano
1.48,planta
1.3,plantas
1,plantitas
1.48,plátano
1,Platidecor
2.41,plato
2.46,platos
2.3,playa
2,plaza
1,plazas
3.14,pobre
1.3,pobrecica
1,pobrecillo
2.49,pobrecita
1,pobrecitas
2.51,pobrecito
1.95,pobrecitos
2.2,pobres
1.3,poca
1,Pocahontas
1.78,pocas
1,pociones
3.43,poco
1.48,pocos
1.48,podamos
1.48,podéis
3.07,podemos
2.23,poder
2.28,podía
2.36,podíamos
1.9,podían
2.04,podías
1.85,podido
1.78,podrá
1,podrán
1.48,podrás
1.3,podremos
1.7,podría
1.6,podríamos
1,podrían
1.3,podrías
1,poesía
2.2,policía
1,policías
1.3,pollito
1.6,pollitos
2.28,pollo
1.7,polo
1.3,polvo
1,polvos
1,pom+pom
1.9,Pon
1,Pon
3.02,pon
1.6,pondrá
1.48,pondrán
1.7,pondremos
1.7,pondría
1,pondríamos
1.6,pondrías
3.16,pone
1.3,poned
1,ponedlos
2,ponéis
1,pónelo
3.62,ponemos
2.72,ponen
1.3,poneos
3.72,poner
2.4,ponerla
1.85,ponerlas
2.41,ponerle
2.32,ponerles
2.58,ponerlo
2.3,ponerlos
1.95,ponerse
1.7,ponerte
3.09,pones
2.04,ponga
1,póngame
2.15,pongamos
1.78,pongan
2.36,pongas
2.67,pongo
2.08,poni
1.7,ponía
1.6,poníamos
1.48,ponían
1,ponías
2.36,poniendo
1,poniéndolas
2.67,ponla
1.7,pónla
2.04,ponlas
1.3,pónlas
2.48,ponle
1.3,pónle
2.4,ponles
1,pónles
2.79,ponlo
1.7,pónlo
2.45,ponlos
1.48,pónlos
1.48,ponme
1,pónmela
1,pónmelo
1,ponnos
1,pónselo
2.11,ponte
1,pónte
1,popo
1,poquicas
2,poquico
1,poquita
1,poquitas
1.3,poquitín
3.01,poquito
1,poquitos
4.03,por
1.3,porcelanas
1,porche
3.91,porque
3.73,porqué
1.85,porrazo
1.6,porta
2.3,portado
1,portáis
1,portal
1.85,portan
1.3,portaos
1.48,portar
1,portarnos
1.48,portaros
1.6,portarse
1,portas
1,portátil
1,portéis
1.3,portería
2.63,postre
1.3,postres
1,potente
1,potrito
1,potro
1,potros
1,pradera
1,prado
1.3,preciosa
1.48,precioso
1,preciosos
1,precipicio
1,precipites
1,prefería
1,preferías
1,prefieren
1.78,prefieres
1,prefiero
1.3,pregunta
1,preguntaba
1.3,preguntado
1,preguntale
2.46,pregúntale
2.04,pregúntales
1.3,preguntando
1,preguntar
1,preguntaremos
1.48,preguntarle
1,preguntes
1.6,pregunto
1.3,prehistórica
1.48,premio
1,preocupado
1,preocupéis
1,preocupen
1.85,preocupes
1.7,prepara
1.3,preparaba
1.9,preparada
1,preparadas
2.58,preparado
1.3,preparales
1.95,prepárales
1.3,prepárame
2.18,preparamos
1.85,preparando
1,prepáranos
2.49,preparar
1.48,prepararles
1,prepararlos
2,preparas
1.3,preparemos
1.3,preparen
1,preparo
1,Presen
1,presentado
1.3,presentar
1,presión
1,prestas
1.3,prietos
1.6,prima
1.85,primer
2.48,primera
3.27,primero
1,primeros
1,primito
1,primitos
1.48,primo
2.08,primos
2.3,principio
1.6,prisa
1,prisas
1.3,prismáticos
1,probado
1.48,probamos
1.3,probar
1,probemos
1.85,problema
1.95,profesor
1.95,profesora
1,prometido
1,prontito
2.11,pronto
1,protagonista
1,protestando
1,próxima
2,prueba
1,psa+psa
1,psicomotricidad
1,puchero
1,pucheros
1.3,pudo
2.08,pueblo
1.6,pueda
1.3,puedan
1.48,puedas
3.53,puede
2.9,pueden
3.2,puedes
2.54,puedo
1.3,puente
3.63,puerta
1.9,puertas
1.3,puertecita
1.85,puertica
1.85,puertita
1,puerto
4.29,pues
1.9,puesta
1.3,puestas
3.34,puesto
1.48,puestos
1,Pulgarcito
1,pulgón
1.3,pulpo
1.3,punta
1,puntitos
1.6,punto
1.3,puntos
2.62,puré
1,Pusbe
1.3,Pusbi
1.6,pusieron
1.85,pusimos
2.04,puso
1.85,puzzle
1.6,puzzles
4.87,que
4.95,qué
2.81,queda
1.48,quedaba
1.3,quedaban
2.75,quedado
1.7,quedamos
2.52,quedan
1,quedando
2.28,quedar
1.48,quedará
1,quedarán
1,quedarían
1,quedarse
1.3,quedarte
1.3,quedas
1.3,quédate
1.7,quede
1,queden
1.3,quedo
1.85,quedó
2.2,quema
1,quemaba
1.3,quemado
1.7,quemar
1.3,quemará
1,quemarán
1.3,quemarse
1,quemas
1.7,queme
1.3,quemen
1.3,quemo
1,quemó
1.48,quepa
1.3,quepan
1.6,quepo
1.48,queráis
2.43,queréis
1.6,queremos
1.48,querer
2.58,quería
1,queríamos
1.78,querían
2.11,querías
1.3,querido
1.95,querrá
2.08,querrán
1,querría
1,quesitos
2.08,queso
2.08,quien
4.3,quién
2.6,quienes
2.63,quiénes
1.7,quiera
1,quieran
2.95,quieras
3.17,quiere
2.87,quieren
3.73,quieres
3.06,quiero
1.48,quieta
1,quietico
1.6,quieto
1,Quistina
2.45,quita
2.32,quitado
1,quítala
1,quítale
1,quítalo
1,quítalos
1,quítamelo
1.48,quitamos
2.61,quitar
1,quitarán
1,quitarle
1.3,quitarlo
1,quitaros
1.3,quitarse
1.85,quitas
1,quítate
1.6,quite
1,quiten
1.78,quites
1.6,quito
1,quitó
1,rabito
1.3,rabo
1.48,ración
1,rajicas
1.48,rama
1.3,ramas
1,ramillete
1.3,rampa
2.91,rana
1.78,ranas
1.7,ranita
1.48,rápida
1,rapidito
2.62,rápido
1.48,rápidos
1,Raquel
1,raqueta
1.6,rara
1.6,raro
1.3,raros
1,rascas
1,rata
1.6,ratico
1.95,ratito
1,ratitos
2.73,rato
1,ratón
1,ratones
1,raya
1.85,rayas
1.6,rayos
1.78,razón
1,Real
1,realidad
1.3,recado
1,recibe
1.78,recoge
1,recógelo
1,recógelos
2.04,recogemos
1,recogen
2.62,recoger
1,recogerles
1.6,recogerlo
1,recogerte
1.6,recoges
1,recogida
1,recogidas
1,recogidica
1.6,recogido
1,recogidos
1.78,recogiendo
1,recojamos
1.3,recojas
1.78,recojo
1,recorrido
1.3,recortar
2.61,recreo
1,recto
1.7,recuerda
1,recupera
1,recuperado
1,recupere
1.3,red
2.18,redes
1.3,redonda
1.48,redondo
1,refrescarse
2.34,regala
1.3,regalaba
2.32,regalado
1,regalamos
2.15,regalan
1.6,regalando
1.95,regalar
1,regalarán
1.3,regalarle
1.3,regalaron
1,regalárselo
1,regale
1,regalices
1.6,regalico
1.3,regalicos
1.9,regalito
2.11,regalitos
2.8,regalo
1.7,regaló
3.14,regalos
1.48,regamos
1,regar
1,regular
1,reído
1.48,reina
1.48,reírse
1,relámpagos
1,relinchando
1.3,rellena
1,rellenamos
1.3,rellenar
1.3,reloj
1,remanga
1,remangas
1,remedio
1,remolque
1.3,reñía
1.3,reñimos
1.48,reñir
1,reñirle
1,reñirles
1,reñís
1.6,reno
2.52,renos
1.3,reparte
1.3,repartido
1.3,repartiendo
1,repartimos
1.7,repartir
1.95,repente
1,repose
1.48,resbala
1.48,resbalado
1.3,resbalar
1,rescatado
1.3,rescatados
1,rescatarle
1.3,rescatarles
1,rescate
1,resolver
1,respirar
1.85,resto
1,resulta
1,retrasada
1.3,retrato
1,reunión
2.56,revés
1,revoluciones
1,revolvemos
1,revueltillo
1.48,revuelto
1,revuelve
1.78,Rey
1.7,rey
2.65,Reyes
1.7,reyes
1.3,rezar
1,rezas
2.23,rica
1.78,ricas
1,Ricky
2.67,rico
1.9,ricos
2.08,ríe
1.9,ríen
1.78,riendo
1,riéndose
1.3,ríes
1,rifle
1.3,riña
1,riñáis
1,riñan
1.48,rincón
1.78,riñe
1.3,riñen
1.48,riñes
1,riñiendo
1.3,Rintintín
2.28,río
1.3,risa
1.3,Ritintín
1.3,robado
1,roban
1.6,robar
1,robe
1,roben
1,rodando
1.6,rodilla
1.7,rodillas
1.3,Roja
2.04,roja
1.3,rojas
2.71,rojo
1.78,rojos
1,rollito
1,rollo
1.7,rompas
2.08,rompe
1.48,rompen
2.41,romper
1,romperá
1,romperás
1,romperemos
1,romperían
1,romperlo
1,romperlos
1.6,rompes
1,rompido
1,rompiendo
1.9,rompió
1.48,rompiste
1.3,roña
1,roncamos
1.6,roncan
1.48,roncando
2.43,ropa
1.3,ropas
1.3,ropica
1.85,rosa
1.3,Rosalinda
1.3,rosas
2.41,rota
2.93,roto
1,rotos
2.41,Rubén
2.15,rubia
1,rubias
1.7,rubio
1,rubita
1.48,rueda
2,ruedas
1,Rufi
1,ruidito
2.32,ruido
1.48,Ruth
1.48,sábado
1.6,sábanas
2.82,sabe
2.08,sabéis
2.11,sabemos
2.28,saben
1.85,saber
1,saberlo
3.73,sabes
2.32,sabía
1,sabíais
1,sabíamos
1,sabían
2.11,sabías
1,sabido
1,sabrá
1.3,sabrán
2.11,sabrás
2.58,saca
1.3,sacaba
1,sacaban
2.11,sacado
1,sacáis
1,sácala
1,sácalas
1,sácale
1,sacales
1.9,sácales
1.95,sácalo
1,sacalos
1,sácalos
2.4,sacamos
1.7,sacan
1.48,sacando
1,sacapuntas
2.8,sacar
1,sacarla
1.3,sacarle
1,sacarles
1.6,sacarlo
1.78,sacarlos
2.18,sacas
1,sacase
1,sácate
1,sace
2.15,saco
1.9,sal
1.78,sala
1.3,salchicha
2.28,salchichas
1.3,salchichón
1.78,saldrá
1.48,saldrán
3.09,sale
2.61,salen
2,sales
1.6,salga
1.6,salgan
1,salgo
1.6,salía
1.3,salían
1,salid
1,salida
2.53,salido
1.48,saliendo
1,saliera
1,salieran
1.6,salimos
1.48,salió
2.87,salir
1.3,salís
1,saliste
1,salita
1.3,salita+de+estar
2.79,salón
2.36,salta
1,saltaba
1,saltaban
1.7,saltado
1,saltamos
2,saltan
1.9,saltando
2.15,saltar
1.6,saltas
1.48,salte
1,saltes
1,saltito
1.85,salto
1.48,saltó
1.48,saltos
1,salud
1.7,saluda
1.3,saludábamos
1.6,saludando
1.3,saludar
1.3,salva
1,salvado
1.3,salvaje
1.48,salvajes
1,salvar
1,salvaron
1,salvavidas
2.2,San
2,sangre
1,sangró
1.6,Sangüesa
2.34,Santa
1.7,santo
1.48,sanwiche
1,sanwichito
1,sapito
1,sapo
1.78,saque
1.3,saquemos
1,saquen
2.2,Sara
1.3,sardinas
1.6,sartén
1.48,sartenes
1.6,Sayoa
4.69,se
2.85,sea
1.7,sean
1.85,seas
1,Sebastián
1.3,secado
1,secador
1,sécale
1.48,secar
1,secas
1.78,seco
1,secos
1.48,sed
1,seguía
1,seguiditas
1.7,seguimos
1.85,seguir
1.7,segunda
2.36,segundo
1,segura
1.48,seguramente
2.9,seguro
2.04,seis
1,selva
1.48,semana
1,sembrar
1,semillas
3.08,señor
2.71,señora
1.3,señoras
2.32,señores
2.45,señorita
1,señoritas
1,señorito
1.3,señoritos
1,sentaban
2.23,sentada
1.3,sentadas
1,sentadicos
1,sentaditas
1,sentadito
2.32,sentado
2.34,sentados
2.08,sentamos
1.48,sentando
1.3,sentaos
2.6,sentar
1,sentará
1,sentarles
1.3,sentarlos
1,sentarme
1.3,sentarnos
1.3,sentaros
2.34,sentarse
1.48,sentarte
1.3,sentemos
1,sepa
1,sepáis
1,separado
1.3,separados
1,separamos
1,separo
1.48,sepas
1,septiembre
1,seque
3.11,ser
3.35,será
1.95,serán
1,serás
1.7,Sergio
1,seria
1.78,sería
1,seríais
1,serio
1,serios
1,serrar
1.3,servía
1.3,servido
1.3,servimos
1,servir
1,servirá
1,servirles
1,sésamo
1,shh
4.02,si
4.46,sí
2.08,sido
2.58,siempre
1.3,siendo
2.3,sienta
1,siéntale
1,siéntales
1.6,siéntalos
1.95,sientan
1.9,sientas
1,sientate
2.36,siéntate
1,siente
1.6,sienten
1.9,siento
1,siervo
2.77,siesta
1.48,siestica
1,siestita
1.85,siete
1,siga
1.3,sigas
1,significa
1.48,sigo
2.62,sigue
1.48,sígueme
1,siguen
2.15,siguiente
1,silencio
3.35,silla
3.17,sillas
1.3,silleta
1.6,sillica
1.3,sillicas
2.32,sillita
2.04,sillitas
2.59,sillón
1.7,sillones
1.3,Silver
2.56,Silvia
1,Simpsom
2.92,sin
2.48,sino
1,sinvergüenza
1,siquiera
1,sirena
1.3,Sirenita
1,sirenita
2.23,sirve
1.6,sírveles
1.95,sirven
1,sitico
3.14,sitio
1.9,sitios
1,sitito
1.9,sobra
1,sobrado
1.9,sobre
1.48,sobrecito
1,sobres
1,sobrino
2.15,socorro
2.26,sofá
1.3,sofás
1,soga
2.72,sol
2.58,sola
1.9,solamente
1.48,solas
1.3,soldadito
1.3,soldaditos
1,soldado
1,Sole
1.78,solemos
1.48,solica
1.48,solico
1,solicos
1.9,solita
2.08,solito
1.48,solitos
2.85,solo
3.06,sólo
1.95,solos
1.7,soltar
1,soltarlo
1,sombrerito
2.98,sombrero
1.3,somos
3.75,son
1.9,sonado
1.3,soñado
1,sonando
1,soñando
1.3,sonar
1,sonreía
1.6,sonríe
1,sonriendo
1.3,sonriente
1.3,sonrisa
2.28,sopa
1,sopica
1.3,sopita
1,soplabas
1,soplad
1,soplamos
1.3,soplan
1.9,soplar
1,soplará
1,soplido
1.3,sorda
1,sordos
1.48,sorprendido
1.85,sorpresa
1,Sorre
1,sorteo
1,sosa
1,soso
1,sosos
1,sostener
1.3,sostenía
1.3,sostiene
1,sostienen
2.96,soy
3.65,su
1.7,suave
1,suavecitas
1.48,suba
1.3,suban
1,subas
2.64,sube
1,súbela
1,súbele
1.3,súbelo
1,súbelos
2.11,suben
2,subes
1.48,súbete
1.85,subía
1,subida
1,subidas
2.38,subido
1.48,subiendo
1.9,subimos
1,subió
2.76,subir
1,subirá
1,subirla
1,subirle
1,subirlos
1.6,subirse
1,subirte
1.85,subo
1.48,sucia
1.48,sucio
1.3,sucios
1.78,suele
1.78,suelen
2.08,sueles
2.82,suelo
1.3,suelos
1.85,suelta
1,suéltala
1.3,sueltas
1,sueltos
2.04,suena
1,sueña
1,suenas
1,sueñas
1.48,suénate
2.87,sueño
1.48,sueños
2.91,suerte
1,suficiente
1,suficientes
1,sugus
1.9,sujeta
1,sujetado
1,sujétalo
1,sujetando
1.48,sujetar
1,sujetarle
1,sujetarlo
1,sujetas
1.9,sujeto
1,sumando
1,sumar
1,sumas
1.7,super
1,supermercado
1,suponer
1,supongo
1,sur
2.54,sus
1.48,Susana
2.72,susto
1,sustos
1,suya
1.6,suyo
1,suyos
1,tabla
1,tacita
1,Taconera
1,tacones
1.48,taekwondo
1.48,Tajonar
2.63,tal
1.85,taller
1,Tallunche
1,tamaño
3.78,también
1.3,tambor
2.76,tampoco
3.16,tan
1,tanda
1,tandas
1.78,tanta
1.78,tantas
2.66,tanto
2.04,tantos
1.85,tapa
1,tapadico
1,tapadito
1,tapaditos
1,tapado
1.3,tapar
1,tapara
1,tapas
1,tapíz
2.56,tarde
1.7,tardes
1,tardona
2.23,tarea
1.48,tareas
1,tarjeta
1.85,tarjetas
3.06,tarta
1.6,tartas
1.3,tata
1.6,taza
4.28,te
1.48,té
1.85,techo
1,tecla
2.69,tejado
1.6,tejados
1,tele
1,teledirigido
2.23,teléfono
1,Telepizza
1.48,telescopio
2.79,televisión
1,temas
1.3,temprano
2.64,ten
2.64,tendrá
2.61,tendrán
2.62,tendrás
1.3,tendré
1,tendréis
2.28,tendremos
1.6,tendría
1.48,tendríamos
1.3,tened
1.6,tenedor
2.4,tenéis
3.33,tenemos
2.62,tener
1,tenerlas
1.95,tenga
1.9,tengan
2.97,tengo
2.79,tenía
1,teníais
1.78,teníamos
2.23,tenían
2.3,tenías
1.9,tenido
1,teniendo
1.6,tenis
1,tensar
1.48,Teo
1,teoría
1.3,tercera
1.3,tercero
1.3,Teresa
1.3,Teresianas
1.6,termina
1,terminaban
1,terminad
2.52,terminado
1,terminamos
1,terminan
1,terminando
1.6,terminar
1,terminen
1.3,terminó
1.3,ternera
1,ternerico
1,ternerita
1.3,ternerito
1.48,ternero
1.48,terraza
1,terreno
1.85,tesoro
1.48,tesoros
1.3,teta
1.3,tetas
3.29,ti
2.3,tía
1.78,tiburón
1.6,tiburones
1.3,Tico
2.18,tiempo
2,tienda
1,tiendas
4.04,tiene
3.53,tienen
3.77,tienes
1.78,tierra
1,tiesa
1.48,tieso
1.3,tiesto
1,tiestos
1.3,tigre
1.78,tiíta
1,timbra
3.15,timbre
1.7,timón
1.48,Tino
2.54,tío
1,tíos
2.71,tira
1.7,tiraba
1.48,tirabas
1.7,tirada
2.54,tirado
1.6,tirados
1,tíralo
1.3,tiramos
2.59,tiran
2.26,tirando
1,tirándola
1,tirándoos
1.6,tirándose
1,tirantes
2.56,tirar
1,tirarán
1,tirarla
1.3,tirarlos
1,tirarnos
1,tiraron
2.26,tirarse
1,tirarte
2.51,tiras
1,tiraste
1,tire
1,tiréis
1.48,tiren
2.11,tires
1,tirita
1,tiritando
1.3,tiro
1.3,tiró
1,Tirolina
2.23,titula
1.6,título
1,títulos
1,toalla
2.04,Tobi
1,tobillos
3.54,tobogán
2,toboganes
2.79,toca
1.7,tocaba
1.7,tocado
1,tocamos
1.9,tocan
2.23,tocando
2.34,tocar
1,tocará
1.85,tocas
2.04,toco
2.82,toda
2.93,todas
2.83,todavía
3.57,todo
3.84,todos
1,Togotón
1.6,Toisarás
1.95,Tom
3.02,toma
1,tomad
2.18,tomado
1,tómalo
1.7,toman
1.95,tomando
1,tomándome
2.26,tomar
1,tomará
1.7,tomas
1,tomaste
2.08,tomate
1,tomatito
1,tome
1.6,tomen
1,tomes
1,Tomi
1,Tongo
1,Toño
1.3,tonta
1,tontería
1.78,tonterías
1,tontica
1,tontico
1.6,tonto
1,tontorrón
1.9,topete
1,toquéis
2.11,toques
1.48,torcida
1.78,torcido
1.48,torico
1.6,torito
1.7,tormenta
2.4,toro
1.48,toros
1.85,torpe
1.3,torpes
1.6,torre
1,torta
1,tortazo
2.04,tortilla
1.3,tortillas
1.3,tortuga
1.6,tos
1,tose
1,tostada
1.3,tostadas
1.7,total
1.3,Toysarás
1.7,trabaja
1,trabajaba
1.95,trabajado
1,trabajador
1,trabajadores
1.78,trabajan
2.15,trabajando
2.74,trabajar
2.04,trabajo
1.6,trabajos
1,tractor
2.96,trae
1,traed
1,traedlo
1,traéis
1.48,tráelo
1.6,tráelos
1,traeme
1.3,tráeme
1,tráemelo
1.3,traemos
2.28,traen
2.4,traer
1.3,traerá
1.3,traerán
1,traerás
1,traerle
1,traerlo
1.9,traes
1,tráete
1.85,traía
1.6,traido
2.52,traído
1.6,traiga
1.3,traigan
1.3,traigas
1.7,traigo
1.3,traje
1.3,trajeron
1.3,trajes
1.3,trajimos
1,trajiste
1.3,trajo
1,Trampa
1.7,trampa
1,trampilla
1.3,trampolín
1.6,tranquila
1.3,tranquilamente
1,tranquilita
1.7,tranquilo
1.3,tranquilos
1,trasero
1,traste
1,trastero
1.3,trasto
1,trastos
1,trata
1,trataba
1,tratando
1,través
1.3,travesura
1.48,travieso
1,trayendo
1,trece
1,treinta
2.91,tren
1.78,trenes
1.48,trenzas
3.01,tres
1.3,triciclo
3.03,trineo
1.85,trineos
2.08,tripa
1.48,tripita
1,Tristán
2.85,triste
1.9,tristes
1,tristísimo
1.95,trocito
1,trompazo
1.3,trompeta
1.7,trona
1.3,tronco
1,tropezó
1.3,trotar
2.15,trozo
1,trozos
1,truenos
3.33,tu
4.11,tú
1,tuerce
1,tuércelo
1.48,tumba
2,tumbada
1.3,tumbadita
1.9,tumbado
1.3,tumbados
1.3,túmbala
1.3,tumbar
1,tumbarla
1.3,tumbas
1,tumbe
1,turno
1.48,turrón
2.56,tus
1,tuviera
1,tuviéramos
1,tuvieras
1,tuviste
1,tuvo
2.56,tuya
1.3,tuyas
2.63,tuyo
1.48,tuyos
1,txistu
1.3,uah
1.3,uf
1.48,uh
1.48,última
2.11,último
4.43,un
4.21,una
1.3,Unai
2.67,unas
1.6,uñas
1,único
3.34,uno
2.85,unos
1,unta
1.3,untar
1,Urdax
1.48,Urko
1.3,usa
1,usamos
1.48,usan
1,usar
1,usas
2.15,usted
1.48,ustedes
1,utiliza
1.3,utilizar
1,uvas
1.9,Uxue
2.56,uy
4.13,va
3.67,vaca
1,vacación
2.43,vacaciones
2.76,vacas
2.04,vacía
1,vaciado
1,vaciar
1.48,vacías
1.6,vacío
1.3,vacíos
1,vago
1,vagón
1.48,vagones
1,vagos
1,vainas
2.53,vais
3.91,vale
1,valen
2,valiente
1,valientes
1.48,valla
1,Valle
1,vámonos
4,vamos
3.91,van
2.62,vaquero
1.3,vaquica
2.28,vaquita
1.3,vaquitas
1,vara
3.89,vas
1.3,vasco
1,vasico
1,vasitos
1.7,vaso
1.6,vasos
3.1,vaya
1,vayáis
2.04,vayamos
2.36,vayan
2,vayas
2.85,ve
2.26,vea
1,veáis
2.18,veamos
1.95,vean
1.95,veas
2.08,veces
1,vecinita
1.9,veía
1,veían
1,veías
1.85,veis
1.6,véis
2.08,vela
2.61,velas
1,velicas
1,velitas
1.6,velocidad
1,veloz
2.91,vemos
3.1,ven
1.6,venda
1,vendaba
1.3,vendaval
1,vende
1.6,venden
1,vendo
1.78,vendrá
1,vendremos
4.08,venga
1,vengamos
1.85,vengan
1,vengas
2,vengo
2.36,venía
1.3,venían
1.6,venid
2.62,venido
1.3,venimos
2.45,venir
3.12,ventana
2.46,ventanas
1.3,ventanica
1,ventanicas
1,ventanilla
1.48,ventanita
1,ventanitas
3.14,veo
4.5,ver
2.87,ver
1,verá
2.08,verano
2.68,verás
3.76,verdad
2.68,verde
1.9,verdes
1,verdura
1.6,verduras
1,veré
1,veremos
1.48,vergüenza
1,verja
1,verla
1.48,verle
2.08,verlo
1.3,verlos
1,versión
1.6,verte
3.76,ves
1.6,vestida
1,vestidito
2.43,vestido
1.78,vestidos
1.6,vestir
1,vestirse
2.54,vete
2.2,veterinario
3.41,vez
1,vi
1,viajar
2.15,viaje
1,viajecito
1.7,viajes
1.6,Vicky
1.3,vida
1.3,video
2.28,vídeo
1,vieja
1,vienan
2.54,viendo
1,viéndole
3.05,viene
2.15,vienen
2.08,vienes
1.48,viento
1,viera
1,viernes
1.6,vigía
1,vigila
1.85,vigilando
1.3,vigilante
1.48,vigilar
1.3,vigilarlos
1,vigilo
1,vikingo
1,Vil
1,Villa
2.15,villancico
2.52,villancicos
1,Villatuerta
2.28,vimos
1.48,viñetas
1.78,vino
1.3,vió
1,Violín
1,violín
1.3,Violochín
1.7,Virginia
1,Virginias
1,visera
1.3,visillos
1.3,visita
1.3,vista
1.78,viste
1,visteis
1,vístele
1,visten
1,vistió
3.39,visto
1.78,viva
1,vivan
2.23,vive
2.04,viven
1,vives
1.48,vivía
1.3,vivían
1,vivimos
1.6,vivir
1,vola
1.48,volaba
1.6,volador
1.3,voladora
1,volamientos
2.32,volando
1.78,volante
1.48,volar
1.48,volcado
1,voltéales
1.85,voltereta
1,volváis
1.6,volvemos
1.9,volver
1,volverles
1,volverlo
1,volvía
1,volviendo
1.78,vosotras
2.11,vosotros
1,votaba
3.35,voy
1.7,voz
1.95,vuela
1.48,vuelan
1,vuelca
1,vuelcan
1,vuele
1,vuelo
1.48,Vuelta
2.81,vuelta
2.08,vueltas
1.3,vueltica
1,vuelticas
1.9,vuelto
1.3,vuelva
1,vuelvan
2.11,vuelve
1.9,vuelven
1.7,vuelves
1,vuelvo
1.48,vuestra
1.3,vuestros
2.26,wáter
1,Whitney
1.9,Xabi
2.11,Xabier
3.37,xxx
4.99,y
4.15,ya
2.34,Yago
4.05,yo
2.38,yogur
1.3,Yon
1,Zalba
1.3,zaldico
1,zámbalas
1,zambullo
2.4,zanahoria
1.3,zanahorias
2.08,zapatillas
1.3,zapatitos
2,zapatos
1.3,Zarautz
1.3,Zeus
1,zoo
1,Zozaya
1,Zuasti
1,zumico
1.9,zumo
