4.81,a
2.91,abajo
1.3,abeja
2.04,abierta
1,abiertas
2.38,abierto
1,abordaje
1,abra
1,abramos
1.7,abras
1,abrazando
1.3,abrazo
1,abrazó
3.22,abre
1,ábre
1,ábrela
1,ábrele
1,ábreles
1.7,ábrelo
1.6,ábreme
2.2,abren
2.15,abres
1,abrete
1.48,ábrete
1.9,abría
1.48,abrían
1,abrid
1.48,abrida
2.15,abrido
1.6,abriendo
1,abrigados
1.85,abrigo
1,abrigos
1,abril
2.18,abrimos
1.48,abrió
2.95,abrir
1,abrirá
1.3,abrirla
1,abrirle
1.48,abrirlo
1,abrirlos
1.48,abrirme
1,abriros
1,abrís
2.51,abro
2.43,abuela
1,abuelica
1.3,abuelico
2.48,abuelita
2.08,abuelito
2.53,abuelo
1.48,abuelos
1,abulta
1.6,aburrida
1.3,aburrido
1.48,aburro
1.85,acá
2.11,acaba
1,acababa
1,acabada
1,acabadito
2.92,acabado
1,acaban
1.3,acabando
1.3,acabará
1.3,acabe
1.7,acabo
2.85,acabó
1.6,acaso
1.48,accidente
1.48,aceite
1.3,acera
1.3,acerca
1,acércame
1,acercando
1.3,acercar
1,acercaros
1.78,acercas
1,acércate
1.3,acerco
1,acerque
1,acompaña
1,acompañaba
1,acompaño
1.3,acordaba
1.3,acordabas
1,acordamos
1,acordaron
1.3,acordé
1,acordeón
1.3,acostado
1.48,acostamos
1,acostando
1.6,acostar
1,acostarlo
1,acuarelas
2.15,acuerdas
1,acuérdate
2.49,acuerdo
1.3,acuesta
1,acuestes
2.32,adelante
1.85,además
2.62,adentro
2.92,adiós
1,adivinas
1.48,adorno
1,Adriana
2.2,afuera
1,agachada
1,agacho
2.11,agarra
1,agarraba
1,agarraban
1.3,agarrado
1,agarramos
1,agarrando
1,agarrándole
2.26,agarrar
1,agarraré
1,agarrarte
1.3,agarras
1.78,agárrate
1,agarre
1.7,agarro
3.6,agua
1,aguante
1,Aguapolis
1,agüica
1,águila
1.48,agüita
1,agujerico
1.48,agujerito
2.28,agujero
1.78,agujeros
1.3,Agustín
3.73,ah
4.04,ahí
1.78,ahoga
1.3,ahogaban
1,ahogado
1.9,ahogan
1.3,ahogando
1.7,ahogar
1,ahogen
1.3,ahogo
1,ahogue
1.3,ahoguen
4.35,ahora
1.3,Ainara
2.4,Ainhoa
1.95,aire
1,aires
1.3,Aitana
1,Aitona
1.3,Aitor
1.3,Aivón
4.05,al
1,Ala
3.15,ála
1,Alalar
1.6,Alaluf
1,alarma
2.11,alas
1.3,Alberto
1,Albi
1.3,albóndigas
1.78,alcohol
2.15,ále
1,alegre
1,alegres
1,alejando
1.78,Alejandro
1,aletas
2.36,Alex
2,alfombra
1,alforjas
2.58,algo
1,algodón
2.51,alguien
1.78,algún
1.6,alguna
1,algunas
2.3,alguno
2.04,algunos
1,Alicia
1,Alis
2.88,allá
2.7,allí
1.48,almohada
1,almuercito
1,almuerzo
1.3,alrededor
1.3,Alsasu
1.78,alta
1,altas
1,altísimo
2.48,alto
1.6,alubias
1,alumnos
1,Álvaro
1.6,am
2.88,ama
2.2,amarilla
1.48,amarillas
2.61,amarillo
1.3,amarillos
1,amartillará
2.62,Amaya
1.9,ambulancia
1.3,ambulancias
2.04,amiga
1.7,amigas
2.48,amigo
2.57,amigos
1,amiguicos
1.78,amiguita
1.3,amiguito
1.78,amiguitos
1,amor
1,Amparico
2.53,Ana
1,Ana
1,Anabel
1,anchoas
2.32,ancla
1.3,ancle
2.18,anda
1.48,andá
1.6,ánda
1.3,andaba
1,andaban
1,andado
1,andamos
1.48,andan
2.3,andando
2.48,andar
1,andaríno
1,andas
1.48,ande
2.52,Ander
1.3,ando
1.85,Andoni
2.67,Andrea
1,Ane
2.58,ángel
1,Ángela
1.48,ángeles
1.48,angelico
1,Angelines
2.23,angelito
1,anillo
2,animal
3.21,animales
1.48,animalicos
1.95,animalitos
1,Anita
1.6,año
1.3,anoche
2.2,años
1,Ánquel
1,antena
2.53,antes
1,Antolo
1,Anuka
1,Anuska
1.3,apaga
1.48,apagada
1,apagado
1.3,apagan
1,apagar
1,apagaron
1.3,apago
1.3,aparca
1,aparcábamos
1,aparcaban
1,aparcada
2,aparcado
1,aparcalo
1,aparcamientos
1.6,aparcamos
1.7,aparcan
1,aparcando
2.36,aparcar
1,aparcaríamos
1.6,aparcarlo
1,aparco
1,aparecen
1,aparecido
1,apareciendo
1.48,apareció
1,aparezca
1,aparta
1.3,apartar
1,aparte
1,apetece
1.48,aplasta
1.3,aplastado
1,aplastar
1,apone
1,apoyamos
1,apoyar
1,aprende
1,aprenden
1.3,aprender
1,aprendido
1,aprendiendo
1,apretado
1.3,apretar
1.78,aprieta
1.6,aprietas
1,apriete
1.78,aprieto
1,aprovechamos
1.48,apunta
1,apuntar
1,apunte
2.18,apunten
2,apuntes
1.48,aquel
1.6,aquél
1,aquella
1.48,aquélla
1.3,aquéllos
4.75,aquí
1,Araceli
1.3,araña
1,arañar
1,arar
3.03,árbol
2.43,árboles
1.78,arbolito
1.7,arca
2.45,ardilla
1.48,ardillita
1.85,arena
1,Aristegui
1.95,Aritz
1.3,arma
1.48,armario
1,armas
1.3,aro
1,arpón
2.04,arranca
1,arrancado
1.3,arrancamos
1.3,arrancando
1.48,arranco
1,arranques
1.48,arregla
1.48,arreglado
1,arreglados
1.3,arreglando
1,arreglar
1,arreglaron
1,arregle
1,arriar
3.19,arriba
1,arrocito
1.3,arropamos
1,arropar
2.43,arroz
1,arrugado
1,arrugan
1.3,asa
1,Asca
1.3,ascensor
2.11,asco
1,ase
4.22,así
2.3,asiento
1.7,asientos
2.94,Asier
1.95,asoma
1,asomaban
1.3,asomado
1,asomados
1,asoman
1,asomando
1,asomar
1,asomarme
1,asómate
1.3,aspirina
1.3,Asterix
1.85,asusta
1.48,asustaba
1.7,asustado
1,asustan
1,asustando
1.3,asuste
1,asustes
1.3,asusto
1.3,asustó
1,ata
1,ataca
1,atacan
1,atacando
1.3,atacar
1.48,atado
1.6,ataque
1.6,atar
1,atarla
1,atascada
1,atasco
1,atascó
1,atemos
1,aterrizó
1.3,Atita
1,ato
1,atornillado
1,atracar
1,atrapado
1,atrapados
1,atrapo
2.53,atrás
1,atropella
1,atropellar
1,atropelló
1,atún
2.08,au
1.3,Audrey
1,aula
2.34,aún
1.9,aunque
1,aupa
1,aupando
1.3,aupas
1.78,autobús
1,auxilio
1.3,avaricia
1.7,avión
1.3,avisa
1,avisado
1.3,avisan
1,avisar
3.55,ay
2.15,ayer
1.78,ayuda
1,ayudaba
1.3,ayudado
1,ayúdale
1,ayudame
1.48,ayúdame
1,ayudan
1,ayudando
1.48,ayudar
1.3,ayudarle
1,ayudarles
2.15,ayudas
1.3,ayude
2.08,ayudo
1,Azca
1.7,azúcar
1,Azul
2.66,azul
1.6,azules
1,babero
1,babor
1,baila
1,bailando
1,bailar
2.86,baja
2,bajaba
1,bajábamos
1.3,bajaban
1,bajada
1.95,bajado
2.11,bajamos
2.2,bajan
1.95,bajando
1,bajándose
2.87,bajar
1,bajarán
1,bajarles
1.3,bajaron
1.3,bajarse
1,bajarte
1.3,bajas
1,bájate
1.3,baje
1,bajen
1.48,bajera
1,bajito
2.04,bajo
1.85,bajó
1,bajón
1.3,bajos
2.26,bala
1,balanceo
1.85,balancín
1.48,balas
1.85,balcón
1.3,ballena
1.3,ballenas
3.36,balón
1,balonazo
2,baloncesto
1.95,balones
1,Baltasar
1.85,Bambi
1,bañado
1,báñale
1,bañan
2.04,bañar
1.78,banco
1,bandeja
2.65,bandera
1,banderas
1.3,banderilla
1,banderita
1,bañen
1.7,bañera
2,baño
1,baños
1.48,banqueta
1,banquetas
1,banquetita
1.6,barba
1,barbacoa
1,barbas
1.48,Barbie
1,barbilla
3.08,barca
1,barcas
3.75,barco
2.15,barcos
1.3,barquico
1.3,barquillo
2.04,barquita
2.26,barquito
1,barra
1.3,barraca
1.95,barracas
1,barras
1.3,barriga
1,barriguitas
1.48,barro
1.48,basta
1,bastante
1.6,bastón
1.48,basura
1.3,bata
1,baúl
1.3,Bea
1.6,Beatriz
1.6,bebe
2.38,bebé
1,bébela
2,beber
1,bebido
1.7,bebiendo
1,bebiese
1,bebo
1.3,Belén
1,bello
2,Beñat
1.3,Benicasim
1.48,Benidorm
1.48,Benito
1,besicos
1.3,besito
1,besitos
2.59,beso
1.3,besó
1.3,besos
1,bestia
1,bestias
1.48,biberón
1.9,bicho
1.6,bichos
1.85,bicicleta
3.34,bien
1,bigote
1.7,bigotes
1,biscote
1,biscotes
2,bizcocho
1.3,Blanca
2,blanca
1.95,Blancanieves
1.3,blancas
2.45,blanco
1.3,blancos
1,blando
1,blanquico
1.3,Blas
1,bobitos
2.38,boca
2.04,bocadillo
1,bocadillos
1.7,bocata
1,bodegas
3.26,bola
2.9,bolas
1,bolazo
1,boli
1.48,bolica
1,bolicas
1.95,bolita
2.11,bolitas
1.48,bollo
1.9,bolsa
1,bolsada
1,bolsillo
1,bolsillos
1,bolsita
1.78,bolso
2.28,bomba
1.3,bombero
1.3,bombón
1.85,bonita
2.49,bonito
1,borde
1.3,borra
1,borraja
1.3,borrando
1,borrar
1.3,bosque
1.85,bota
1,bota+bota
1,botando
2.18,botas
1.95,bote
1.3,botella
1,botes
1.3,botitas
1.78,botón
1.6,botones
1,brazo
1.48,brazos
1,brinco
1.7,broma
1.7,bruja
1,bruto
1,bucaneros
1,buceando
1.3,bucear
1,buen
2.08,buena
1.85,buenas
1,buenísimo
3.14,bueno
2.72,buenos
2.15,bufanda
1,bultos
1,burbujas
1,burlan
1.3,burrico
1.3,burriquito
2.2,burrito
2.59,burro
1.3,busca
1,buscaban
1.48,buscado
1.3,búscala
1.3,búscalo
1,búscame
1,buscamos
1,buscan
1.3,buscando
2.34,buscar
1,buscaremos
1.3,buscarla
1,buscarle
1.3,buscarles
1,buscaros
1,busqué
1.78,butaca
1,Buter
1,caballero
1.7,caballico
2.58,caballito
1.7,caballitos
3.44,caballo
2.49,caballos
1.3,cabaña
3.37,cabe
1,cabecica
1,cabecita
1.6,cabemos
2.89,caben
1.95,caber
2.74,cabeza
1,cabezón
1,cabezudos
1.78,cabía
1,cable
1.9,cabo
2.68,cabra
1.3,cabrá
1.3,cabrán
1.7,cabras
1.7,cabrita
1.3,cabritita
1,cabritito
1.3,cabrito
1,cabritos
1,caca
1.3,cacahuetes
1.7,cacas
1,cacharrito
1.48,cacharro
1.3,cachito
1,cachivache
2,cacho
2.4,cada
3.64,cae
1.3,caemos
2.68,caen
3.08,caer
1.3,caerá
1,caerán
1,caeré
1.9,caerse
2.04,caes
2.23,café
1.48,cafetera
1,cafetería
1,caga
1.3,cagando
1.6,cagar
1,cago
1.3,cagó
1.3,caí
2.34,caía
1.7,caían
1,caías
1.3,caída
1,caidas
1.9,caido
3.62,caído
2.32,caiga
1,caigan
1.78,caigas
2.56,caigo
2.08,caja
1,cajita
2.18,cajón
1,cajones
1,calamares
1,calcetines
1,caldera
1,calderete
1,caldico
1.3,caldo
1,calefacción
1.48,calentar
1,calentica
1,calentico
1,calentitos
1.7,caliente
1,calienten
1.3,calla
1,callada
1.48,calladico
1,calladitos
1.6,callar
1,callaros
1.7,cállate
2.89,calle
1.95,calor
1,calvo
1,calvos
1,Calzaslargas
3.62,cama
1.3,cámara
1.48,camarera
1,camarero
2.85,camas
1,cambiado
1,cambiador
1.85,cambiamos
1.7,cambiar
1,cambiaremos
1,cambias
1,cambies
1,cambio
1.3,cambió
1.7,camello
1.3,camica
1,camicas
1,camilla
1.48,caminar
1.7,caminito
1.48,camino
1.95,camión
1.3,camiones
1,camioneta
1,camisa
1.48,camiseta
2.76,camita
2.04,camitas
1.78,campana
1.48,campanario
1.6,campanas
1,campanilla
1.3,Campero
1.48,camping
2.41,campo
1.48,caña
1,Canarias
1.85,canción
1,cancioncita
1,canciones
1.3,Canela
1,canela
1,cangrejo
2.82,cañón
1.7,cañones
1,cansa
2.11,cansada
1,cansaditas
1,cansadito
2.32,cansado
1.95,cansados
1,cansar
1.3,cansen
1.3,canso
1.78,canta
1.48,cantaba
1,cantaban
1,cantado
1,cántale
1,cántales
1.3,cantamos
1.95,cantan
2.11,cantando
2,cantar
1,cantarle
1,cantaron
1.48,cantas
1,cantes
1,canto
1,cantó
2.43,Cao
1,capa
1.78,Caperucita
3.15,capitán
2.23,capitanes
1.48,capucha
1,capullo
1.85,Cara
2.56,cara
1,caracol
1.3,caracoles
1.95,caramba
1.9,caramelos
1,carbón
2.73,cárcel
1.3,carga
1.3,cargado
1,cargen
1,Cariñena
1.9,cariño
1.3,cariños
1.48,carita
1,Carli
2.15,Carlos
1,Carmen
1.3,Carmen
1,carnaval
2,carne
1.85,carnero
1.3,carnicería
1,caro
1.3,carpeta
1,carpetas
1,carpintero
1.9,carrera
1,carreras
1.9,carretera
1,carretillo
1.78,carro
1,carroza
1.7,carta
2.04,cartas
1.3,cartel
1.3,cartera
1,carteras
3.7,casa
1.3,casar
1,casarse
2.04,casas
1,casco
1,casero
1,caseta
2.54,casi
1.48,casica
3.21,casita
1.6,casitas
1.6,caso
1,casona
1,castaña
1.78,castañas
1.3,castañazo
1,castañuelas
1.3,castigada
1.6,castigado
1,castigados
1,castigan
2.08,castillo
1,cata
1.9,catalejo
1.48,catalejos
1,Catalina
1.3,catarro
1,catorce
2.04,cayendo
1,cayera
1.48,cayeron
2.91,cayó
1.48,caza
1,cazador
1,cazadora
1.3,cazando
1.3,cazar
1,cazo
1,cazuela
1,cejas
1,celebrar
2.23,cena
1.3,cenaban
1.7,cenado
1,cenan
1.85,cenando
2.72,cenar
1,cenas
1.48,Cenicienta
1,cepillo
1,cera
2.11,cerca
1,Cerdito
1.78,cerdito
1.48,cerditos
2,cerdo
1.6,cereales
1,cereza
1.9,cerezas
1.48,cerquita
1.7,cerraba
1.3,cerrábamos
1.6,cerraban
2.3,cerrada
1,cerradas
1,cerradita
1,cerraditos
2.57,cerrado
1.7,cerrados
2.59,cerramos
1.7,cerrando
3.06,cerrar
1,cerraremos
1.6,cerrarla
1,cerrarle
1,cerrarlo
1,cerré
1.6,cerró
1,césped
1.48,cesta
1,chachi
1,chaleco
1,chanquero
1,chaqueta
1.6,charca
2.2,charco
1,Charlie
1,Charo
1.6,chi
3.2,chica
2.15,chicas
1.48,chichón
1.7,chicle
1,Chico
2.96,chico
2.43,chicos
1,chilla
1,chillando
2.68,chimenea
1.3,chimeneas
1,chiquillos
1.95,Chiquipark
1.6,chiquita
1.3,chiquitica
1.3,chiquitico
1,chiquiticos
2.2,chiquitín
1,chiquitina
1,chiquitinas
1.85,chiquitita
2.04,chiquitito
1.48,chiquititos
1.48,chiquito
1.78,chiquitos
1,chirriado
1,chisme
1,chispas
1.3,chispazos
1,Chistorra
1,Chito
1,chivita
2,choca
1.78,chocado
1,chocamos
1.48,chocan
1.48,chocar
1,chocó
1,Chococrispis
2.51,chocolate
1,chocolatera
1.48,chocolatina
1,choquen
1.6,chorizo
1.6,chucherías
1,chuchos
1.3,chuletitas
1,chuli
1.3,chulo
1.48,chupa
1.3,chupando
1.3,chupar
1,chuparé
1,chupas
1,chupate
1.48,chupete
1,Chupinazo
1,churros
1,Chus
1,cielito
2.26,cielo
1,cien
1,Cientoun
3.18,cierra
1.7,ciérrala
1,ciérrale
2,cierran
1.48,cierras
1,ciérrate
1,cierre
1.6,cierres
2.52,cierro
1.3,ciervo
2.32,ciervos
1.48,cigarro
2.8,cinco
1.7,cine
1.6,cinta
1.48,cintas
1,cinturón
1,Ciordia
1.3,circo
1,circulo
1.6,círculo
1,Cires
1,Cizur
1.3,Clara
1.3,clarinete
2.86,claro
1,claros
2.73,clase
1,Claudia
1.78,Claus
1.3,clavar
1,clientes
1,cobarde
1,cocacola
3.74,coche
1,Cochecito
1.9,cochecito
2.26,coches
1,cochino
1.3,cochito
1,cocho
3.08,cocina
1.6,cocinando
1.7,cocinera
1.3,cocinero
1.78,cocinita
1,cocinitas
2.04,coco
2.3,cocodrilo
1.7,cocodrilos
1.48,cocos
1,codo
1.95,cofre
2.7,coge
1,cóge
1.95,cógela
1,cógeles
2.08,cógelo
1,cógeme
1,cógemelo
2.04,cogemos
1.6,cogen
2.95,coger
1,cogerán
1.3,cogeré
1.6,cogerla
1.3,cogerle
1,cogerlos
1,cogerse
1.85,coges
1.3,cogí
1.3,cogía
1,cogíamos
1,cogías
2.52,cogido
2.36,cogiendo
1.3,cogiéndole
1,cogieron
1,cogimos
2.26,cogió
1,cogiste
1.78,cohete
1,cohetes
1,cohetitos
2.23,coja
1,cojamos
1.6,cojas
1,cojica
1,cojín
1.6,cojita
2.57,cojo
2.43,Cola
2.15,cola
1,colador
1,colchón
1,colchoneta
1.48,cole
3.38,colegio
2.48,coleta
2.04,coletas
1,coletita
1,colga
1,colgábamos
1,colgada
1.9,colgado
1,colgamos
1,colgando
1.6,colgar
1,colgarlo
1,Coli
1.7,colita
1,colitita
1.3,collar
1,collares
1.9,coloca
1.3,colocado
1,colócala
1,colócalo
1,colocamos
1,colocando
1.9,colocar
1.6,colocarlo
1.7,coloco
1,colonia
1,colonias
1,coloque
2,color
2.52,colorado
1.9,colores
1,coloretes
2.51,colorín
1.6,colorines
1.9,columpia
1.7,columpiaba
1.78,columpiado
1,columpiale
1,columpiame
2,columpian
1.7,columpiando
2.49,columpiar
1,columpiarle
1.3,columpiarles
1,columpiarlos
1.48,columpiarnos
1,columpiaros
2,columpiarse
1,columpias
1,columpie
1,columpien
3.35,columpio
3.22,columpios
1.3,columpitos
1,colunchos
1.9,coma
1.3,comamos
1.85,coman
1.3,comas
2.83,come
2.15,comedor
1,cómela
1.85,comemos
2.75,comen
3.66,comer
1.48,comerá
1.48,comerán
1,comeré
1,comerlo
1,comerse
1,comérselos
1,comerte
1.6,comes
1,cómete
1,cómetelo
1,cómetelos
1.6,comía
1.95,comían
3.12,comida
1.85,comidas
2.49,comidita
1,comiditas
2.94,comido
2.86,comiendo
1.3,comiéndose
1,comiéndoselas
1,comiera
1,comieran
2.04,comió
3.62,como
3.64,cómo
1,compañera
1,compañero
1,compañeros
1.48,compra
1,compraban
1.78,comprado
1,cómprame
1,compran
1.7,comprando
1,comprándose
2.43,comprar
1,comprarán
1,comprarlas
1.3,comprarle
1.48,compras
1,compre
1,compro
1,comprobar
4.05,con
1.3,conchas
1,conchetos
1.6,Conchi
1,Çonchito
2.54,conduce
1.3,conducen
1.9,conducía
2.3,conduciendo
2.57,conducir
1,conducirá
1,conduciré
1.3,conductor
1.6,conduzco
1.3,conejito
1.78,conejo
1.6,confundido
1,congelando
2.26,conmigo
1,conocer
1,conoces
1,conocía
1.3,conozco
1,conseguido
1,consigues
1,construcciones
2.26,contado
1.7,contamos
1.48,contando
1,contándolo
2.08,contar
1,contarlas
1,contarlo
2.04,contenta
1.3,contentísimos
2.43,contento
2.15,contentos
1,contestes
1.78,contigo
1,contó
1,contra
1.3,convertías
1.48,convierte
1,convirtió
1.3,copas
1,copiando
1,Copito
1,copito
1,corazón
1,corazones
1.48,corbata
1,corderita
1,corderito
1,cordero
1,cordón
1,cornea
1.3,corona
1,coronilla
1.48,corral
1,corralillo
1,corras
2.82,corre
2.3,correr
1,correré
1.7,corría
1,corrían
2.7,corriendo
1.3,corrió
1,corro
1,corroncho
1.48,corta
1,cortada
1.9,cortado
1,cortamos
1.7,cortar
1,cortarle
1.48,cortina
1,cortinas
1,cortinitas
1,cortó
3,cosa
2.82,cosas
1.7,coscorrón
1,cose
1,cosen
1,coser
1.3,cosica
1.9,cosita
2.23,cositas
1.3,cosquillas
1.48,costado
1,coz
1.3,crece
1,crecerá
1,creció
1.3,creen
1.3,crees
1,creía
1,crema
2.36,creo
1,cría
1.3,crío
1,críos
1.3,cristal
1.3,cristales
1.78,Cristian
1.9,Cristina
1.48,Cristinita
1.3,Cristóbal
1.3,croquetas
1,Cruela
1,Cruz
1.3,cruzaban
1,Cua
1,cua+cua
1.48,cuadra
1.48,cuadrado
1.95,cuadro
1.48,cual
3.24,cuál
1,cuales
1.48,cuáles
1,cualquiera
3.27,cuando
2.28,cuándo
1.3,cuanta
1.6,cuantas
2.18,cuántas
1.85,cuanto
1.48,cuánto
1.3,cuantos
1.95,cuántos
1,cuarenta
1,cuartillo
2.82,cuarto
3.07,cuatro
1,Cuba
2.08,cubierta
1.3,cubiertos
1.3,cubrir
1,cucado
1,cuchadica
1.85,cuchara
1,cucharas
1.7,cucharita
2.23,cuchillo
1,cuco
1,cucurucho
1.7,cuelga
1,cuelgas
1.3,cuello
1,cuenca
2,cuenta
1.3,cuéntalo
1.78,cuéntame
2,cuéntamelo
2.15,cuentas
1,cuente
1.3,cuentes
1,cuentitos
3.16,cuento
2.2,cuentos
2.32,cuerda
1,cuerdas
1.6,cuerno
2.15,cuernos
1,cuerpo
1.78,cuesta
1.9,cuida
1,cuidaba
2.38,cuidado
1.95,cuidando
1.78,cuidar
1,cuides
1.3,culete
1,culito
2.2,culo
1,culos
1,culpa
1.7,cumple
1,Cumpleaños
3.03,cumpleaños
1,cumplía
1,cumplido
1.3,cumplir
2.49,cuna
1,cunas
1.9,cunita
1,cunitas
1.6,cura
1.7,curado
1.78,curando
1.48,curar
1,curarla
1.3,curarle
1,curas
1,cúrate
1.48,cure
1.3,curó
1.48,Cutu
3.03,da
2.11,daba
1.7,daban
2.94,dado
2.23,dale
1,Dálmatas
1.48,dálmatas
2.93,dame
2.26,dámela
2,dámelo
1,dámelos
2.18,damos
2.3,dan
2.36,dando
1.7,dándole
2.3,Daniel
2.64,daño
2.97,dar
1,dará
1,darás
1.48,daré
1,Dari
2.34,darle
1,darles
1.3,darse
1,darte
2.69,das
1.6,date
1.78,David
1.3,David
1,De
4.28,de
2.23,debajo
1,debe
1,debéis
1,deben
1,deberes
1,debes
2.3,decía
1.7,decían
1.3,decías
1,decidir
1,decido
2.15,decir
1.3,decirle
1,decirles
1,dedito
2,dedo
2.08,dedos
1,déis
2.58,deja
1.3,dejaba
1.48,dejábamos
2.3,dejado
1.48,dejáis
1.3,déjala
1,déjalas
1.7,déjale
2.04,déjalo
1.3,déjalos
2.75,déjame
1,déjamelo
2.64,dejamos
2.04,dejan
2.52,dejar
1,dejarán
1.3,dejaré
1.3,dejaremos
1,dejarían
1.48,dejarla
1,dejarlas
1,dejarle
1.3,dejarlo
1,dejarlos
2.36,dejas
1.3,deje
1,dejemos
1.48,dejes
2.66,dejo
1.85,dejó
3.37,del
2.3,delante
1.3,delgaditos
2.23,demás
1.3,dentista
2.95,dentro
1.3,deportes
1.85,deprisa
1.85,des
1,desatado
1,desatar
1.3,desayuna
1,desayunaban
1.6,desayunado
1,desayunamos
1.48,desayunan
1,desayunando
2.75,desayunar
1.48,desayunen
2.46,desayuno
1,descalza
1.6,descalzo
1,descansa
1,descansan
1.7,descansar
1,descanso
1,descogorciado
1,descubierto
1,descubre
1,descubrido
1,descubrir
2.2,desde
1,deseamos
1.48,desenganchaba
1,desenganchado
1.3,desenganchar
1,desengancharon
1.3,desengancho
1,desiste
1.3,desmayando
1.3,desmontaban
1,desmontado
1,desmonto
1,desnuda
1,desnudado
1.48,desnudo
1.3,desodorante
1,desorden
1,desordenada
1,desordenados
1,despacho
1.95,despacio
1.6,despacito
1,despega
1,desperertar
1.3,despertaban
1,despertad
2.15,despertado
1.3,despertador
1.3,despertando
2.52,despertar
1,despertará
1,despertaremos
1,despertarles
1,despertarlos
1,despertaron
1.3,despertaros
1.3,despertarse
1,despertate
1.85,despertó
2.23,despierta
1.78,despiertan
1,despiértate
1,despierte
1,despierten
1.3,despiertes
1.3,despierto
1.6,despiertos
2.99,después
1.3,destrozar
1,destrozó
1,detiene
2.32,detrás
1.48,di
3.03,día
1,diablo
2.65,días
1.3,dibuja
1,dibujaban
1,dibujada
1,dibujado
1,dibujamos
2.28,dibujando
1.85,dibujar
1.3,dibujito
2.86,dibujo
1,dibujó
1.6,dibujos
1,diccionario
2.82,dice
2.08,dicen
2.04,dices
2.81,dicho
1.3,diciendo
1,dieciocho
1,dieciséis
2.34,Diego
1.6,dientes
1.7,dieron
2,diez
2.2,difícil
1,difíciles
1.3,diga
1,dígale
1.3,dígame
1.7,digas
2.57,digo
1.3,dije
1.48,dijeron
1.95,dijo
1.6,dile
1.3,diles
1.9,dime
1.3,dímelo
1.78,dinero
1,dineros
2.26,dió
1.48,dise
1,díselo
1,disfracé
1,disfrazada
2.75,dispara
1.48,disparaba
1.48,disparaban
2.53,disparado
1.3,dispárale
1,disparame
1.78,disparamos
1.7,disparan
2,disparando
2.95,disparar
1.3,disparará
1.3,dispararle
1.3,dispararles
1,disparas
1.7,dispare
1,disparen
1.85,dispares
2.43,disparo
1.3,disparó
1.3,disparos
1.3,diste
1.48,distinta
1.3,distinto
1.9,divertido
1,divertirnos
1,divertirse
1,do
1,doblada
1.3,doblado
1.3,doblar
1,doce
1,dodo
1.3,dome
1,domí
1,domingo
2,domir
1,Don
2.61,donde
4.11,dónde
2.23,dormía
1.3,dormíamos
2.04,dormían
2,dormida
1.3,dormidita
1.3,dormidito
2.57,dormido
2.11,dormidos
1.3,dormilón
1.3,dormilona
1.48,dormilones
1.48,dormimos
3.55,dormir
1.6,dormirá
1,dormirán
1.3,dormirse
1,dormís
1.95,dormitorio
1,dormitorios
3.67,dos
2.82,doy
1.3,dragón
1,dragones
1.6,ducha
1,duchando
2.28,duele
1.3,duelen
1.6,duerma
1.85,duerman
1.3,duermas
2.72,duerme
2.62,duermen
1.6,duermes
1,duérmete
1.7,duermo
1.3,dulce
1.3,Dumbo
1.3,dura
2.88,durmiendo
1,durmió
2.04,duro
1.48,e
2.28,echa
1.6,echaban
1,echada
1,echadita
2.15,echado
1.3,echados
1.3,échalo
1,échalos
1,échame
1.85,echamos
1.9,echan
2.11,echando
2.34,echar
1,echarán
1.3,echaré
1.7,echarle
1,echarlo
1,echarlos
1,echarme
1,echaron
1.3,echas
1,eche
1,eches
1.7,echo
1,echó
1.3,edad
1.48,Edurne
4.08,eh
1.3,Eider
1.95,ejemplo
1.3,El
4.71,el
2.79,él
1.3,elefante
1.3,elefantes
1,elegías
1.48,Elena
1,eleva
1,elevado
1,eliges
2.81,ella
1.48,ellas
2.61,ellos
1,empachará
1.48,empezado
1,empezados
1.95,empezamos
1.3,empezando
1.6,empezar
1.48,empezó
1.9,empieza
1.48,empiezo
1.48,empuja
1.3,empujado
1,empújame
1,empujamos
1,empujándola
1.6,empujar
1,empujas
1,empujemos
1.48,empujes
1.48,empujo
1.3,empujó
4.25,en
1,enana
1.85,enanito
1.78,enanitos
1.3,enano
1.7,encaja
1.3,encajan
1,encajar
1,encalado
1,encale
1.48,encanta
1.3,encantada
1.3,encendido
1.3,encerrada
1.95,encerrado
1.78,encerrados
1,encerrando
1.3,encerrar
1,encerrarles
1,encerraron
1,encestarte
1,enchúfalo
1.3,enciende
1,encienden
1,encierra
1.48,encierro
2.41,encima
1,encontraba
2.04,encontrado
1.3,encontrar
1,encontrarlo
1.85,encontré
1.6,encontró
1,encornar
1.48,encuentra
1.3,encuentro
1.3,Eneko
1,enemigo
1.6,enfada
1.6,enfadada
2.43,enfadado
1.3,enfadados
1,enfadan
1,enfadarse
1,enfadó
1,enfermera
1,enfermería
1,enfermita
1.3,enfermito
1.85,enfermo
1,enfermos
1,enfría
1,enfriar
1,enfriará
1,enfríe
1,engañarás
2.15,engancha
1.6,enganchaba
1.7,enganchábamos
1.3,enganchaban
1.6,enganchada
2.08,enganchado
1,engánchalo
1,engánchame
1.3,enganchamos
2.3,enganchar
1.6,engancharlo
1.3,enganchas
1.3,enganche
1,enganches
1.48,engancho
1.3,enganchó
1,Engracia
1,enorme
1.48,enredado
1.48,enrollaban
1,enrollar
1,enrollarlo
1,ensaladas
1,ensayar
1.3,enseguida
1,enseñaba
1,enséñale
1,enséñame
1,enseñando
1.3,enseñar
1.48,enseñe
2.43,enseño
1.3,ensucia
1,entendía
1.3,entera
1,enteres
1.78,entero
1,entiendes
1.3,entiendo
3.27,entonces
2.91,entra
1.48,entraba
1.6,entraban
1.3,entrada
1,entradas
2.23,entrado
2.32,entran
1.48,entrando
3.06,entrar
1,entrara
1,entrarán
1,entraron
1.3,entras
2.08,entre
1,entré
1.7,entren
1,entrenadores
1,entrenados
1,entrenando
1.6,entro
1.48,entró
1,envuelto
1.48,equivocado
3.54,era
1,éramos
2.32,eran
1.9,eras
1.3,érase
2.81,eres
1.6,Erik
4.56,es
3.32,esa
1.3,ésa
2.36,esas
1,escacha
1,escalaba
1.3,escalando
1.3,escalar
1,escalela
2.72,escalera
2.82,escaleras
1,escaleritas
1.3,escalón
2.52,escapa
1,escapaba
1,escapaban
1.48,escapado
1,escapan
1,escapando
1.6,escapar
1,escapará
1.6,escape
1.48,escapen
1.48,Escar
1,escayolada
2.61,escoba
1,escobas
1.3,esconde
1.48,escondemos
1,esconden
1.6,esconder
1,escondernos
1.3,esconderse
1,escondían
1.7,escondida
1,escondidas
2.08,escondido
1.3,escondidos
1.3,escondite
1.6,escondo
1.9,escopeta
1,escopetón
1.3,escribe
1.48,escriben
1,escribía
1,escribían
1,escribido
2.52,escribiendo
1,escribieran
1,escribieron
1,escribimos
2.15,escribir
1,escribo
1,escucha
1,escuchando
1,escuché
1,escuchen
1.48,escudo
2.62,escuela
1,escultura
1.3,escupáis
3.65,ese
1.48,ése
3.66,eso
1,éso
2.73,esos
2.53,espada
1.7,espadas
1.85,espaguetis
1.48,espalda
1,espaldas
1.48,espejo
3.49,espera
1.3,esperaba
1.3,esperad
1.48,espérame
1,esperamos
1.6,esperan
2.23,esperando
1.48,esperándole
1,esperándolo
2.15,esperar
1,esperará
1,espérate
1,espere
1.3,espero
1.3,espinacas
1.3,espuma
1.78,esquiando
1.3,esquiar
1.3,esquíes
1.6,esquina
1,esquinita
3.46,esta
4.4,está
4.18,ésta
3.76,estaba
1.85,estábamos
3.14,estaban
2.08,estabas
1,establo
1,estación
1.95,estado
1.7,estáis
1,estallar
2.51,estamos
3.74,están
2.96,estar
2.23,estará
1.6,estarán
2.48,estas
2.57,estás
2.81,éstas
1.3,estate
3.55,este
1.78,esté
4.59,éste
1,éstes
1.48,estira
1,estirado
1,estírale
1,estiras
1,estiró
4.43,esto
1.95,ésto
1,estómago
2.97,estos
3.67,éstos
2.88,estoy
2.23,estrella
2.43,estrellas
1,estrellecitas
1.3,estrellita
1.95,estrellitas
1,estropeada
1,estropeado
1,estropear
1,estropearle
1,estudia
2.34,estudiando
2.18,estudiar
1.3,estufa
1.7,estuve
1.7,estuvieron
1,estuviste
1,estuvo
1,Eurodisney
1.6,eusquera
1,exactamente
1,exagerado
1,excavadoras
2.11,excursión
1.3,existe
1,existía
1,explicar
1,explota
1.3,explotar
1,explotó
1,ey
1.48,fácil
1,facilidad
1.48,Factoría
1,fallo
3.24,falta
1.6,faltaba
1,faltaban
2.28,faltan
1,faltaría
1,falte
1,familia
1.3,Fanta
1,favor
1.9,favor
1.3,fea
1.3,Fede
1,Feli
1,felicidades
1.3,felicitado
1,Felisa
1.48,Felisín
1,Felisina
1,Félix
1,Feliz
2.26,feliz
2,feo
2.15,Fermín
1.7,Fermín
1.3,Fernando
1,feroz
1,fiambre
1,ficción
1.3,ficha
1.7,fichas
1,fichitas
2.23,fiesta
1,fiestas
1,figura
1,fijado
1,fijas
1.3,fíjate
1,Fil
2.91,fila
1.3,filete
1,fin
1,Fina
1.78,final
1,fino
1,flaca
1,flaco
1.3,flan
2.32,flauta
1,flautica
1,Flavia
1.7,flecha
1,flechas
1.48,flor
1,florecitas
2.48,flores
1,flotadores
1,follón
1.78,fondo
1.6,forma
1.3,formal
2.49,foto
1,fotocopia
2,fotos
1,Francia
1,fregar
1.3,frenar
1,freno
1.48,frente
2.15,fresa
1.3,fresas
1,fresco
1.3,fresquito
1.7,fría
1.3,frigorífico
2.76,frío
1,fritas
1,frito
1.48,fruta
1.6,frutas
2.57,fue
3.05,fuego
1,fuegos
2.76,fuera
1,fuerce
2.4,fueron
2.9,fuerte
1,fuerza
1,fuese
1.85,fuí
1.48,fuimos
1.3,fuiste
1.48,fumando
1.3,fumar
1,Fun
2.26,funciona
2.77,fútbol
1.78,gafas
1,Gallego
1.78,galleta
2,galletas
1,gallina
1.78,gana
1.85,ganado
1,ganando
1.78,ganar
1.48,ganas
1.7,gancho
1,gane
1.6,gané
1.48,ganó
3.43,garaje
1,garajes
1,garanjero
1.3,Garasi
1.7,garbanzos
2.72,Garfio
1.78,garfio
1.78,gasolina
1.48,Gaspar
1,gasta
1,gastaba
1.7,gata
2.11,gatico
1,gatita
2.89,gatito
1.3,gatitos
3.53,gato
1.85,gatos
1,gatuno
1,gemelos
1,genial
1,genio
2.08,gente
1.48,Gepetto
1,Geregía
1,gibe
1.3,gigante
1.48,gigantes
1.7,gimnasia
1,gimnasio
1,globitos
1.3,globo
1.85,globos
2.11,gol
1.48,golazo
1.3,goles
1,Golo
2,golpe
1.3,golpes
1.3,goma
1.48,gomas
1,Gondra
1,Gonzalo
1.3,gorda
1,gordas
1.3,gordita
1.95,gordo
2.3,Gorka
1,gorra
1.3,gorras
1,gorrita
1,gorrito
2.77,gorro
1,gorros
1.48,gotas
1,Goti
1,graban
1,grabar
1,grabas
1.3,grabó
1.7,gracia
2.08,gracias
1,gracioso
1,Gramioneta
3.37,grande
2.28,grandes
1,grandísimos
2.46,granja
1,granjas
1,granjera
2.63,granjero
1.3,granjeros
1,grave
1.3,Gretel
1.48,gris
1,grita
1,gritaba
1,gritado
1,gritan
1.48,gritando
1,gritaré
1,gritarle
1,grúa
1,grupos
1,gruta
1,gua
1.6,guachi
1.6,gualda
2.08,guantes
1.6,guapa
1.3,guapo
2.2,guarda
1.6,guardaba
1.6,guardábamos
1.3,guardaban
1.48,guardadas
1,guardadito
2.23,guardado
1.3,guardados
1,guardalo
2.28,guardamos
1.6,guardan
2.7,guardar
1,guardará
1,guardaré
1.48,guardarla
1,guardarlas
1,guardarle
1.6,guardas
1,guarde
2.54,guardería
1.3,guardes
1.78,guardo
1,guardó
1.85,guau+guau
2.49,guay
1,Guchi
1.3,guerra
2.4,Guillermo
1,guirnalda
1,guitarra
1.3,Gus
2.95,gusta
1,gustaba
1.3,gustado
1.78,gustan
1,gustar
1,gustará
1.3,Gustavo
1.48,gusto
4.1,ha
1,habas
1.3,habéis
1.95,haber
1,haberte
3.13,había
1.3,habíamos
2.04,habían
1,habías
2.7,habitación
1,habitaciones
1.9,habla
1,hablaba
1.3,hablado
1,hablamos
1.48,hablan
1.6,hablando
1.78,hablar
1,hable
1.6,habrá
3.42,hace
1.48,hacéis
2.73,hacemos
2.68,hacen
3.32,hacer
1,hacerla
1,hacerles
1.48,hacerlo
1,hacerse
2.53,haces
2,hacia
2.43,hacía
1.9,hacíamos
2.08,hacían
1.7,hacías
3.07,haciendo
1,haciéndole
1,Hada
1.95,hada
2.18,haga
1,hágalo
1,hagamos
1.6,hagas
2.67,hago
1.3,hamaca
2.2,hambre
3.42,han
1.6,Hansel
1.6,hará
1.3,harás
1,haré
1,haremos
1,haría
3.13,has
2.97,hasta
4,hay
1.48,haya
1.3,haz
1,hazlo
3.65,he
1.78,hecha
3.19,hecho
1,Héctor
1,Heidi
1,heladito
2.08,helado
1.3,helando
1,helar
1.3,helará
2.99,hemos
1,herida
1,herido
2.45,hermana
1,hermanas
1.3,hermanico
1,hermanicos
1.48,hermanita
1.9,hermanito
1.48,hermanitos
2.59,hermano
2,hermanos
1,Hermoso
1,herramienta
1.3,hice
1.78,hicieron
1.3,hicimos
1.6,hielo
2.64,hierba
1,hierbas
2.8,hija
1.7,hijas
1.7,hijico
1.7,hijita
1,hijitas
2.04,hijito
2.11,hijitos
2.97,hijo
2.59,hijos
1,hinchables
1,hinchado
1,historia
2,hizo
1,hoguera
2.43,hoja
2.43,hojas
1,hojita
1.3,hojitas
3.25,hola
2.76,hombre
1.48,hombres
2.48,hora
1,hormiga
1,hormigas
1.3,horno
1,Hortensia
2.2,hospital
1.3,hotel
2.45,hoy
1,hu
1,hubo
1.6,hueco
1.6,huele
1,huerta
1,huertica
1,huesitos
1.3,hueso
1.3,huesos
1.6,huevo
1,huevos
1.3,hum
2.79,humo
1,humor
1.3,humos
1,hundan
2,hunde
1,hundía
1.7,hundido
1.48,hundiendo
1.6,hundió
1.48,hundir
2.68,huy
3.12,iba
1.85,íbamos
2.93,iban
1.6,ibas
2.04,idea
1.6,idiota
2.82,ido
1,Idoya
1,iglesia
1.85,Ignacio
2.95,igual
2.34,iguales
1,Ikaku
2.48,ikastola
1,imaginamos
1,imaginas
1,imagino
2.11,importa
2.15,Iñaki
1.7,Inasio
1,incómodas
1,incómodo
1.3,indios
1.85,inglés
2.59,Iñigo
1.48,Iñigos
1.3,intenta
1.3,intentado
1,intentamos
1.3,intentando
1,intentar
1,inventar
1.78,invierno
1,invitamos
1,invitar
1,Ion
1.9,Ioseba
1.3,Iosu
3.47,ir
1.6,irá
1,irán
1.3,Iranzu
1,irás
2,Irati
1,Ire
2.15,Irene
1.3,iría
1.3,irme
1.48,irnos
2.08,irse
1,Iruña
1.85,Isabela
1.7,isla
1,Itxasne
1.6,Itxaso
1.48,Ivan
1,Ivanita
1,Ivón
1.85,Izaskun
1.85,ja
1.3,ja+ja
1.48,jabalí
1.3,jabón
2.54,Jaime
1,Jaimito
1.7,jamón
1,Japito
1.48,Jara
2.51,jardín
1,jardines
1,jarra
1.3,Jaso
2.32,jaula
1.3,jaulas
1.6,Javi
2.63,Javier
1.3,Javier
1,Javieres
1,Javierito
1.7,jefe
1,jefes
1,jersey
1,Jesús
1,Jesús
1,Jesús
1.3,Jesusito
1,Ji
1,Jiménez
2.75,jo
1,Joaquín
1.85,jobar
1.7,Joe
1.95,jolín
1.6,jope
1.3,Jorge
1,Jorgirto
1.3,Jose
1.3,Jose
1.6,José
1,Josefina
1.3,jota
1,joyero
2.32,Juan
1.48,Juan
1,Juana
2.23,Juanchito
1.78,Juancho
1,Juande
1.48,Juanito
1,Juante
2.26,juega
2.41,juegan
1.48,juegas
2.43,juego
1.7,juegos
1.6,juegue
1.48,jueguen
1.3,juerga
1.78,jugaba
1.6,jugaban
1.48,jugado
2.46,jugamos
3.29,jugando
3.41,jugar
1,jugara
1.48,jugaron
1,jugó
1.6,jugué
1.3,juguemos
2.32,juguete
2.79,juguetes
1,juguetico
1.48,jugueticos
1.3,Juji
2.91,Julen
1.48,juletes
1.78,Julia
1,Julieta
1,junta
1,juntalos
1.6,juntas
1,juntito
1.48,juntitos
1.3,junto
2.48,juntos
1,Kelos
1,ketchup
1,Kika
1.3,Kike
1,Kiliki
1,kiliki
1.3,Kilikis
1,Kinder
1.3,Koldo
1,La
4.74,la
1,labia
1,labios
1,lacitos
2.87,lado
1.85,lados
1,ladra
1,ladrar
2.04,ladrón
1.9,ladrones
1,lagartija
1.3,lagartijas
1.6,lago
1,Lagu
1.78,lámpara
1.48,lancé
1.3,lancha
1,Lansu
2.11,lanza
1,lanzaban
1.3,lanzado
1,lánzamela
1.6,lanzamos
1.6,lanzando
1.9,lanzar
1,lanzarla
1,lanzaron
1,lanzas
1.3,lanzo
1,lanzó
1,Laos
1,lapiceros
1.6,lápiz
1,Lara
1,Laredo
1,larga
1,largaron
1.6,largo
1,Larraiz
1,Las
3.78,las
1.6,Lasi
1,Laska
1,lata
1,látigo
1.48,Laura
1,lavado
1,lavadora
1,lavando
1.78,lavar
1,lavarse
1,lávate
1,lavo
1.6,lazo
1.3,lazos
4.03,le
1,lea
1,leas
2.65,leche
1.48,lechita
1.7,lechuga
1,lechugas
1,lee
1.3,leelo
1,leeme
1.3,leemelo
1,leemos
2.15,leer
1.7,lees
2.11,leído
2.75,lejos
1.3,leña
1,lengüita
1,lenteja
2,lentejas
1,lentejicas
1,lento
1,Leo
1.7,leo
1,León
2.18,león
1.48,leones
1,Lere
3.28,les
1,letra
2.2,letras
2.23,levanta
1,levantaba
1.3,levantada
1.9,levantado
1,levántalo
1.9,levantan
1,levantándose
2.36,levantar
1,levantaron
1.3,levantaros
1.7,levantarse
1.48,levantas
1.48,levántate
1.48,levante
1,levantéis
1,levanten
1,levantes
1.48,levanto
1,levantó
1.85,leyendo
1,Leyre
1,libre
2.2,libro
1.95,libros
1.3,liceo
1.48,limón
1,limpiado
1,límpiamela
1,limpiamos
1,limpiando
1.3,limpiar
1,limpiará
1,limpias
1,limpie
1.3,limpio
1,Lindo
1.3,linterna
1.6,lío
1,Lisi
1.48,lista
1,listo
1.85,listos
3.24,llama
2.11,llamaba
1,llamaban
1,llamabas
1.7,llamado
1,llámale
1,llámales
1,llámame
1.9,llamamos
2.28,llaman
1.7,llamando
2.45,llamar
1,llamará
1.3,llamarle
1,llamaron
1.9,llamas
1,llamé
1,llamemos
1.7,llames
2.32,llamo
1.3,llamó
1.9,llave
1,llavecita
1.6,llaves
2.46,llega
1,llegaba
1,llegaban
2.43,llegado
1.85,llegan
1.3,llegando
1.6,llegar
1.3,llegaron
2.36,llego
1.7,llegó
1.3,llegue
1,llegues
1,llena
1,llenado
1.3,llenando
1.7,lleno
1,llenó
1.7,llenos
2.94,lleva
2.34,llevaba
1.3,llevábamos
1.95,llevaban
1.6,llevado
1,llevados
1,llévala
1.3,llévales
1.48,llévalos
1.7,llévame
2.28,llevamos
2.2,llevan
2.04,llevando
1,llevándolo
2.68,llevar
1,llevará
1,llevaremos
1.3,llevarle
1,llevarlos
1.7,llevas
1,llevaste
1,llévatelos
1.3,lleve
1.48,lleves
2.59,llevo
1.48,llevó
2.49,llora
1.48,lloraba
1.48,llorado
1.3,lloran
2.58,llorando
1.78,llorar
1,llorará
1,llorarás
1.48,lloras
1,lloraste
1.3,llore
1,lloren
1.3,llores
1.7,llover
1.6,llovía
1.3,llovido
2.51,lloviendo
2.53,llueve
1.6,lluvia
4.12,lo
1,Lobanini
3,lobo
1.9,lobos
1.6,loca
1.9,loco
1.3,locomotora
1.3,Loli
1.48,loquita
4.21,los
1,Lourdes
1.78,luces
1.3,lucha
1,luchaban
1,luchador
1.3,luchamos
1,luchan
1.48,luchando
2.04,luchar
1,Luche
1,lucho
1.3,luchó
1,Lucía
1,lucita
1,Lucki
3.65,luego
1,lugar
1.48,Luis
1,Luisa
2.49,luna
1.3,lunas
1,lunaza
1,lunes
1,lunita
1,Luqui
2.43,luz
2.04,macarrones
1.3,madera
1,maderas
1,madero
2.72,madre
1,madres
1.85,Madrid
1,madrina
1.3,Magdalena
1,magdalena
1.3,magdalenas
1.7,magia
1,mágica
1,magico
1,Mago
1.95,Mago
1,mago
1,Magos
2.2,Magos
1,magos
3,Maialen
1,Mailen
2.81,Maite
1.3,maíz
1,majico
1.3,majo
2.68,mal
2.15,mala
1.7,maleta
1.48,maletas
1,maletero
1.3,maletón
2,malita
1,malitita
1.3,malito
1.3,malitos
3.06,malo
2.7,malos
1.48,mama
4.08,mamá
1.9,mamás
1,Mamen
2.63,mami
1,mamica
1.6,mamita
1,Mampara
2.51,mañana
1.3,mancha
1.6,manchado
1,manchar
1.3,manda
1,mandábamos
1,mandado
1.3,mandar
1.48,mandarina
1.3,mandarinas
1,mandas
1.78,mando
1,maneja
1,manejar
1.3,Manel
1.3,manga
1,mangitos
1,manitas
2.67,mano
2.51,Manolo
2.23,manos
1.48,manta
1.48,mantas
1,mantel
1.3,Manuel
1.3,manzana
1.3,manzanas
1.85,maquinista
1,maquinistas
1,Mar
2.48,mar
1,maravilloso
1,marca
1,marcado
1.3,marcan
1,marcar
1,marcha
1.3,marchando
1,marcho
1,marchó
1.3,marco
1,marea
1.6,Margari
1.48,Margarita
1,margaritas
1.3,Mari
1.3,Mari
1,Maria
1,Maria
2.67,María
1,Mariamor
1,Marian
1.48,Mariangeles
1,Mariano
1,Maricruz
1,marido
1,Marijose
1,Marijose
1,Marimar
1.3,Marina
1,marinerito
1.3,marinero
1.3,marineros
1,marino
1,Maripan
1,Maripon
1.3,mariposas
1,mariquitas
1.3,Marisa
1.3,Marisita
1,Maristas
2.11,marrón
3.14,Marta
1.3,martillar
1,martille
1.48,martillo
1.48,Martín
1,mas
3.65,más
1.78,mata
1.3,mataba
1,matábamos
1.3,mataban
1.6,matada
2.34,matado
1,matados
1,mátame
1.3,matando
2.2,matar
1,matarla
1.48,matarle
1.48,matarles
1,matarlos
1,matarme
1,matarnos
1.3,mate
1,maté
1.6,mato
1,mató
2.79,mayor
2.32,mayores
1,Mayot
1.3,mayúscula
4.06,me
1,meado
1,mecachis
1,mechero
1,media
1,mediana
1.6,mediano
2.53,médico
2.15,medio
2.71,mejor
1.7,Melchor
1,melena
1,melliza
1,melocotón
1,melón
1.78,menos
1,mensajera
1.95,mentira
1.48,mentiras
1.6,mentirijillas
1.3,mentiroso
1.3,menudo
1,mercadillo
1,Merceditas
1,mereces
1,merendado
1,merendamos
2.18,merendar
1,merendola
2.18,merienda
1,meriendan
1,meriendas
1,mermelada
3.51,mesa
2.23,mesas
1.6,mesica
1,mesilla
2.52,mesita
1.48,mesitas
1.6,meta
1,metamos
1.3,metan
1,metas
3.11,mete
1,métela
1,mételes
1.78,mételo
1,mételos
2.77,metemos
2.53,meten
3.19,meter
1,meteré
1,meteremos
1.7,meterla
1.48,meterle
1.9,meterlo
1.85,meterlos
1.3,meterme
1.3,meterse
2.18,metes
1.9,métete
1.48,metía
1.48,metíamos
1.6,metían
1,metías
1.78,metida
1,metidico
2.81,metido
1.3,metiendo
1,metieron
1.9,metió
1.3,metiste
2.7,meto
1,mezcla
1,mezclar
1,mezclarlos
3.51,mi
2.48,mí
1,mía
2.81,mía
1.48,mías
1,miau
1.7,Micky
1.48,micrófono
1,midiendo
2.3,miedo
1.3,miel
1.78,mientras
1,miércoles
1.95,mierda
1,Mieter
1.48,migas
2.36,Miguel
1,Miguelito
1,Miguelochi
1.48,miguitas
1,Mikael
2.04,Mikel
1,mil
1.3,militar
1,Minnie
1,minúscula
2.9,mío
2,míos
4.47,mira
1.48,miraba
1.3,mirado
1.7,mírala
1.6,mírale
1.9,míralo
1.3,míralos
1.48,miramos
1.95,miran
2.69,mirando
1.48,mirándole
2.66,mirar
1.3,mirarían
1,mirarla
1,miraron
1.3,miras
1.3,mire
1,miremos
1.3,Miren
1.48,mires
1,Miriam
1.48,miro
2.38,mis
1.3,misa
1,Mise
2.64,Misi
1.3,Misioneras
1.48,misma
2.18,mismo
1,mocete
2.36,mochila
1.9,mochilas
1,mocos
1,mofletes
1,mogollón
2.18,moja
1,mojaba
1,mojada
1,mojadas
2.04,mojado
1.48,mojados
1.48,mojamos
1.6,mojan
1.48,mojando
2,mojar
1,mojará
1.3,mojaran
1,mojarán
1,mojarle
1.3,mojarnos
1,mojarse
1,mojas
1.7,moje
1.3,mojen
1,mojes
1.6,mojó
1,mola
1.48,molesta
1,molestaban
1,molestado
1.3,molestan
1,molestando
1,molestar
1,molestaron
1,molestas
1,molino
1,momentín
1.48,momentito
2.23,momento
1,Momi
1,moño
2.51,monopatín
1.3,monos
1.7,Monreal
1.9,monstruo
2.9,monta
2.2,montaba
1.3,montaban
1,montabas
1.48,montada
1,montadas
2.49,montado
1.3,montados
1,móntala
1.78,móntale
1,móntales
1.78,móntalo
2.04,montamos
2.32,montan
1.9,montaña
1.3,montando
2.95,montar
1,montara
1,montará
1,montarle
1,montarles
1.78,montarlo
1,montarlos
1.3,montarme
2.2,montarse
1.7,montarte
1.9,montas
1.7,móntate
2.38,monte
1.3,montemos
1.6,monten
1.3,montes
2.2,monto
1.6,montó
1.7,montón
1.3,morado
1.7,morder
1,morderme
1,mordía
1.6,mordido
1,mordiendo
1,mordisco
1,morena
1,Moreno
1,morenos
1.3,morido
1.3,morir
1,moriste
1,morro
1,mortal
1,mosca
1,moscas
1.6,moto
1,motricidad
1,move
1.3,movemos
2.11,mover
1,moverla
1,moverme
1,movía
1.7,movido
1.3,moviendo
1.7,moza
1,mozo
2.11,mucha
2.67,muchas
1.3,muchísimo
3.03,mucho
2.67,muchos
1.3,mueble
1.48,muebles
1.3,muelas
1,muelta
1.3,mueran
1,muerda
1.9,muerde
1,muere
1,mueren
1,mueres
1,muerta
1,muertas
2.26,muerto
1,muertos
1.48,mueva
1.48,muevas
2.69,mueve
1.6,mueven
1,mueves
1.48,muevo
1.48,muleta
1,multa
1.3,mundo
2.04,muñeca
1.3,muñecas
1.3,muneco
3.21,muñeco
2.54,muñecos
1.3,muñequico
1.6,muñequita
1.78,muñequito
1.3,muñequitos
1.6,murió
2,música
1,músicos
1.3,musiquita
1.3,Mutilva
3.42,muy
1,Nacho
1,nacido
1,nada
3.3,nada
1,nadaba
1.48,nadan
1.78,nadando
1.95,nadar
2.79,nadie
1,Naiara
1,nana
2.62,naranja
1.7,naranjas
1,narices
2.51,nariz
1,narizota
2.23,Naroa
1.7,Nati
2.51,natilla
1.95,natillas
1,natillita
1.78,natural
1.3,navegando
1.3,navegar
3.16,Navidad
1,navidad
1.7,Navidades
1.3,navidades
1.6,Navidas
1.48,Naya
1.6,Nayara
1.3,necesita
1.48,necesitamos
1,necesitaré
1,necesitas
1.6,necesito
1,negra
1,negrito
2.11,negro
1.9,negros
1.3,Nekane
2.4,nena
1.3,nenas
2.67,nene
2.32,nenes
1,nenito
1.6,Nerea
1,nerviosa
1.3,Nesquik
1,nevadito
1.6,nevado
1.3,nevados
2.28,nevando
1.3,nevar
2.38,ni
2.15,Nicolás
1.78,nido
1,nidos
1.78,nieva
1,Nieve
3.52,nieve
1,nieves
3.54,niña
2.48,niñas
2.08,ningún
1.78,ninguna
1.9,ninguno
1.3,niñico
1.7,niñita
1.7,niñito
3.63,niño
3.48,niños
4.92,no
2.9,noche
1.6,noches
1.85,nocilla
1.85,Noel
2.15,Noelia
1.85,nombre
1.48,nombres
1.3,Nomo
1.48,normal
3.1,nos
2,nosotras
2.46,nosotros
1,novio
1.7,nubes
1,nublarse
1,nuca
1,nudo
2,nuestra
1.95,nuestro
1,nuestros
1.3,nueva
1,nuevas
1.78,nueve
1.7,nuevo
1.3,nuevos
1.48,número
1.3,números
1.48,nunca
1.3,Nuria
3.2,o
1.3,Obelix
1.3,oca
1.3,ochenta
2.11,ocho
1.3,ocupa
1.6,ocupado
1,ocupados
1,ocurrido
1.3,Odei
3.69,oh
1.3,oía
1,oían
1.3,Oiarzun
1,oido
1.85,oído
1,oiga
1.3,oigo
1,Oihane
1.3,ojitos
2,ojo
2.48,ojos
1.7,ola
1.48,olas
1,Olazagutia
1.3,ole
1.7,olé
1,Olenchero
2.3,Olentzero
1,oler
1.48,olor
1.78,olvidado
1,olvídale
1,ombligo
1.48,once
1,orden
1,ordeña
1,ordeñaban
1,ordenadito
1.3,ordeñado
1,ordenador
1,ordenando
1.7,ordenar
1.48,ordeñar
1,ordenarlos
1.3,ordeno
1,Oreja
1.6,oreja
1,orejas
1,orejitas
1,organizaron
1.7,Oriente
1,orientes
1,orilla
1,orinales
1,oro
1,Orrá
2.08,os
1,osa
1,Osasuna
1,oscura
1.3,oscuro
1.3,osico
2.08,osito
1,ositos
1.9,oso
1.3,osos
1,Ostris
1,otoño
3.75,otra
1.9,otras
3.75,otro
2.69,otros
3.14,oveja
2.28,ovejas
1,Ovejí
1.78,ovejica
2.56,ovejita
1.48,ovejitas
1.48,oxigenada
2.85,oy
2.4,Oyan
3.48,oye
1,oyeron
1.48,oyes
1,Pablito
1.78,Pablo
1.78,Paco
2.79,padre
2.11,padres
1,paella
1.7,página
1,páginas
1,país
1,paisano
1,paja
1.7,pajarico
1.6,pajaricos
1,pajarillo
1.3,pajarillos
2.59,pajarito
2.81,pajaritos
2.36,pájaro
2.23,pájaros
1,pajarote
1.3,paje
1,pajita
1.78,pala
1,paleta
1.7,paleto
1,palicos
1.48,palito
1,palitos
1.3,palmera
2.76,palo
1,palomas
1.6,palomitas
1.95,palos
1,Pampinbach
1.78,Pamplona
2.32,pan
1,pancho
1,pandereta
1.3,Panoel
1.85,pantalón
1.7,pantalones
1.3,Pañuel
1.48,pañuelo
1.3,pañuelos
1,papa
3.83,papá
3.19,Papa_Noel
1,papacito
1,Papaes
1,papagayos
1.3,papaito
2.76,papás
2.4,papel
1,papeles
1.78,papi
1,Papim
1.3,Papin
2.08,Papín
1.3,papis
1.7,papito
1.3,paquete
1.3,Paquito
4.06,para
1,paraba
1,paradito
1.78,parado
1,paramos
1.48,paran
1,parando
1.6,parar
1,paras
1,párate
1.6,parche
1.3,pare
2.99,parece
1.6,parecen
1,pareces
1,parecidas
1,parecido
2.08,pared
1.3,pares
1.3,parese
1,parezco
1.3,paro
1.3,paró
2.85,parque
1.85,parte
1.3,particular
1,partido
1,partiendo
1,partiéndola
1,partir
1,partirla
1,parto
3.05,pasa
1.6,pasaba
2.53,pasado
1.3,pásala
1,pásalas
2,pasamos
1.3,pasan
1,pasando
2.56,pasar
1.3,pasará
1.6,pase
1.3,pasea
1,paseaban
1.95,paseando
2.28,pasear
1,paseico
1.3,paseito
1,paseitos
2.53,paseo
1,paseó
1.48,pases
1.78,pasillo
2.2,paso
1.6,pasó
2.75,pastel
1,pastelería
1.3,pasteles
1.3,pastelico
1,pastitas
1.3,pastor
1.3,pastores
2.92,pata
1,pata+palo
2.23,patada
1.6,patadas
2.2,patas
1.48,patata
2.11,patatas
1,patatitas
1.48,patica
1,paticas
2.95,patín
2.18,patina
1.48,patinaba
1.7,patinado
1,patinaje
2.7,patinando
2.68,patinar
1,patine
1,patiné
1,patinente
2.15,patines
1.48,patineta
2.95,patinete
1,patino
1.7,patinó
2.78,patio
2.04,patita
1,patitas
1.3,patito
1,patitos
1.6,pato
2.18,patos
1.6,Paula
1,payaseta
2.08,payasete
1.3,payasetes
1.78,payaso
1.6,payasos
1.78,paz
1,pececín
1,pececitos
1.78,peces
1,pedía
1,pedido
1,pedimos
1,pedir
1.3,pedo
1,Pedrito
1.85,Pedro
1.95,pega
1,pegada
2.11,pegado
1,pégales
1.48,pegamento
1,pegan
1,pegando
1.9,pegar
1.7,pegarle
1.3,pegarles
1,pegarnos
1,pegaron
1,pégate
1.78,pegatina
1.3,pego
1.3,pegó
1,pegue
1,pegues
1,peinado
1,pelea
1.6,pelean
1.48,peleando
1.85,pelear
1,pelico
1,pelicos
2.23,película
1.6,peligroso
1.3,peligrosos
1,pelito
1,pellizquen
1.3,Pello
2.34,pelo
1.7,pelos
3.47,pelota
2.66,pelotas
1,pelotazo
1,pelotazos
1.6,pelotica
1,peloticas
1,pelotilla
2.32,pelotita
1.78,pelotitas
1,peluche
1,peludo
1,pena
1,peña
1,pendiente
1.48,pendientes
1.85,pensaba
1.9,pensando
1,pensar
2.45,Pepa
2,Pepe
1,Pepeta
1.95,Pepi
1.7,Pepita
1.7,Pepito
2.66,pequeña
1,pequeñaja
1,pequeñajas
1.48,pequeñajo
1.7,pequeñas
1.85,pequeñica
1.78,pequeñico
1.6,pequeñicos
1.6,pequeñín
2.4,pequeñita
1.48,pequeñitas
2.48,pequeñito
1.9,pequeñitos
2.88,pequeño
2.49,pequeños
1,Pequeñotío
1.85,pera
1.3,peras
1,percha
1,perderá
2.28,perdido
1,Perdita
1,perdón
1.3,perezoso
1,perlas
4.05,pero
1,perra
1,perrajo
1,perrita
2.04,perrito
1.3,perritos
3.02,perro
1.85,perro+lobo
1.7,perros
2.23,persiana
1.3,persona
1.85,pesa
1,pesada
1,pesan
1.3,pescadico
1,pescadito
2.28,pescado
1.3,pescados
1,pescando
2.04,pescar
1.48,peso
1,Peto
1,Petra
2.15,pez
1,piano
1.7,pica
1,picaba
1,picaban
1.3,picado
1,pican
1.6,picando
1,picar
1.3,pico
1.3,pide
1.7,pides
1,pidiendo
2.4,pido
2.99,pie
1.48,piedra
1.6,piedras
1,Piedrín
1,piel
1,piensa
1,piensas
1.48,pienso
1,pierde
2.26,pierna
1.9,piernas
1,piernita
2.28,pies
2.08,pieza
1.78,piezas
1.48,pijama
1,pijamas
1,Pikibuki
1.48,Pilar
1.6,pilas
1,Pili
2.18,pilla
1.95,pillado
1.6,pillan
2.15,pillar
1,pillará
1.3,pillarás
1.48,pillas
1.48,pille
1.7,pillo
1.6,pilló
1,pillos
1,pimiento
1,pimientos
1.6,Pimpos
2.04,Pin
1.48,pincha
1,pinchaba
1,pinchado
1,pinchando
1,pinchar
1.48,pincho
1,pinchos
1,pingüino
1,Pinki
2.7,pino
1.7,pinos
2.23,pinta
1.3,pintaba
2,pintado
1,pintados
1.6,pintan
2.92,pintando
2.83,pintar
1.3,pintarle
1,pinte
1,pinté
1,pintemos
1.3,pintó
1,pintores
2.08,pintura
2.04,pinturas
1.3,pinturita
1.48,pio
1.78,Piolín
1,Piolines
1.6,pipa
1,pipas
2.41,Pipi
1,pipi
1,pipita
3.48,pirata
3.22,piratas
1,piratitas
1.3,Pirineos
1,piruja
1,Piruleta
2.45,pis
1.3,pisa
1.78,pisado
1.3,pisando
1.3,pisar
2.36,piscina
1.3,piscinas
1.78,piso
1,pisó
1,pista
1,pistas
2.51,pistola
1.48,pistolas
1,Pitillas
1.48,pizza
1,Plancha
1,planchar
1.3,planta
1.6,plantas
1.3,plástico
1.48,plastilina
1.7,plátano
1,plátanos
1.3,platitos
2,plato
2.08,platos
1.95,playa
1,Plaza
1.7,plaza
1,Po
2.2,pobre
1,pobrecico
1,pobrecillos
1,pobrecita
1.85,pobrecito
1,pobres
1.48,poca
1.95,pocas
1,pociones
3.08,poco
1.6,pocos
1.48,podéis
2.75,podemos
1.3,poder
1,poderse
2.52,podía
1.9,podíamos
1.78,podían
1.6,podías
1.7,podrá
1,podrán
1,podremos
1,podría
1,podríamos
1.95,policía
1.48,policías
1,pollico
1,pollito
1.7,pollitos
2.18,pollo
1,pollos
1.48,polvo
1,pom+pom
2,Pon
1,Pon
2.45,pon
1.6,pondrá
1,pondrán
1,pondrás
1.78,pondré
1.6,pondremos
3.67,pone
1,ponele
1.3,ponelo
1,ponelos
1,poneme
3.2,ponemos
2.63,ponen
1,ponenos
3.49,poner
2.08,ponerla
1,ponerlas
1.95,ponerle
1,ponerles
2.54,ponerlo
1.85,ponerlos
1.3,ponerme
2.08,ponerse
1,ponérsela
2.61,pones
1,ponete
1.85,ponga
1,póngala
1,pongamos
1.3,pongan
1.7,pongas
3.12,pongo
1.6,poni
2.45,ponía
1.3,poníamos
1.95,ponían
1,ponida
2.43,ponido
2,poniendo
1.9,ponla
1.9,ponle
1,ponles
2.3,ponlo
1,pónlo
1.7,ponlos
1.78,ponme
1,pónme
1.3,pónmela
1.48,pónmelo
1,pono
1,pónsela
1.6,ponte
1.48,popo
1.9,poquico
1,poquita
1,poquitas
1,poquitín
1,poquitito
2.6,poquito
1.3,poquitos
3.91,por
1,porcelana
4.13,porque
3.47,porqué
1.6,porrazo
1.3,porta
1,portaban
2.2,portado
1.85,portal
1.78,portan
1.48,portar
1,portaros
1,portarse
1.6,portería
1,portes
1,poste
2.23,postre
1,postres
1,Potajita
1.3,potro
1,Power
1,precioso
1.6,pregunta
1,preguntaba
1.3,pregúntale
1,preguntar
1,preguntarle
1.3,preguntas
1,preguntes
1.3,pregunto
1,prehistórica
1.3,preocupes
1.7,prepara
1,preparaba
2.11,preparado
1.85,preparados
1.6,preparamos
1,preparan
1.78,preparando
2.18,preparar
1,prepararé
1,prepararla
1,prepararle
1.6,preparo
1,preparó
1.7,prima
1,primavera
1.85,primera
3.04,primero
2.11,primo
1.78,primos
1,princesa
1,principio
1.48,prisa
1.3,probamos
1,problema
1.48,profesor
1.6,profesora
1.7,pronto
1.48,puchero
1,pudo
1.6,pueda
1,puedan
3.52,puede
2.65,pueden
2.7,puedes
3.32,puedo
3.56,puerta
1.85,puertas
2.15,puertita
1.3,puerto
4.08,pues
1.48,puesta
1,puestas
2.76,puesto
1,puestos
1,Pulgarcito
1,pulgas
1,pulgón
1.3,pulpo
1.48,pulsaba
1,pulsan
1,pulsar
1.3,pulso
1,pum
1.3,puñetero
1,punta
1,puntillas
1,puntitos
1.48,punto
2.56,puré
1,Pusbe
1,Pusbi
1,Pusfan
1.95,pusieron
1,pusiese
1.48,pusimos
1.48,puso
1.78,puzzle
1.6,puzzles
4.69,que
4.28,qué
2.85,queda
1.78,quedaba
1.48,quedaban
2,quedado
1.48,quedáis
1.48,quedamos
2.32,quedan
1,quedaos
1.85,quedar
1.3,quedarme
1,quedaron
1.3,quedas
1.3,quédate
1,quede
1.6,quedes
1.78,quedo
1,quedó
1,queja
2.08,quema
1.3,quemaba
1.3,quemábamos
1.85,quemado
1,queman
1,quemando
1.7,quemar
1,quemará
1,quemarse
1,quemas
1,queme
1.3,quemo
1.48,quemó
1.3,quepa
1.48,queramos
2,queréis
2.15,queremos
1.48,querer
2.8,quería
2.2,querían
1.6,querías
1,queriendo
1,quesitos
1.85,queso
1.6,quien
3.6,quién
1.48,quienes
1.6,quiénes
1.3,quiera
1.78,quieran
1.85,quieras
3.24,quiere
2.9,quieren
3.1,quieres
3.49,quiero
1.7,quieta
1,quietas
1.3,quietecita
1,quietito
1.78,quieto
1.6,quietos
1.3,Quistina
1,Quistinita
2.77,quita
1,quitaba
1,quitabas
2.26,quitado
1.3,quítale
1.85,quítalo
1,quítalos
2.18,quitamos
1.6,quitan
2.69,quitar
1,quitaremos
1.3,quitarle
1.78,quitarlo
1.3,quitarlos
1,quitarme
1.3,quitas
1.78,quítate
1.78,quite
2.15,quites
2.45,quito
1.3,quitó
1,rabito
1.48,rabo
1,radiador
1.7,rama
1.3,ramas
1.48,ramillete
1,Ramilletes
1,ramita
1,ramo
1,ramos
1.7,rampa
2.94,rana
1.7,ranas
1,Ranger
1.6,ranita
2.34,rápido
1,Raquel
1.7,raqueta
1,raquetas
1,rara
1,raro
1,Ras
1.3,ratico
1.6,ratito
2.41,rato
1.6,ratón
1.3,ratones
1.7,raya
1.9,rayas
1,rayita
1.48,rayos
1,razón
1,recoge
1.6,recogemos
1.3,recogen
2.18,recoger
1,recogeré
1,recogerla
1,recogerlas
1,recogía
1.7,recogiendo
1.6,recojo
1,recortarlo
2.18,recreo
1.3,red
1.6,redes
1.48,redonda
1.48,redondo
1.3,regala
1.85,regalado
1.6,regalan
1,regalando
1.3,regalar
1,regalaran
1.6,regalaron
1,regale
1,regalen
1,regales
1,regalico
1,regalicos
2.08,regalito
1.6,regalitos
1,regaliz
2.96,regalo
1.9,regaló
2.93,regalos
1,regar
1,regresado
1,reía
1,reías
1,Reina
1.7,reina
1,reír
1.3,reírse
1,relámpagos
1,relinchos
1.6,reloj
1,reman
1,remándose
1.48,remanga
1,remar
1.48,reñir
1,reñiste
1.3,reno
2.15,renos
1,reparte
1,repartido
1.48,repartiendo
1,repartir
1.3,reparto
1.6,repente
1,res
1.7,resbala
1,resbalado
1,resbalón
1,rescatar
1,rescatarnos
1.7,rescate
1.48,respiran
1,respirar
1,responder
1,responderla
2.34,revés
1,revuelto
1,revueltos
1.48,Rey
1.85,Rey
1.9,rey
1.48,Reye
2.43,Reyes
1.48,reyes
1.3,rías
1.3,rica
1.3,ricas
2.04,rico
2.08,ríe
1.85,ríen
1.48,riendo
1,riéndose
1.6,ríes
1,riñas
1,rincón
1,riñe
1,riñen
1,riño
1,Rintintín
2.53,río
1,risa
1.3,robaban
1.85,robado
1,roban
1.48,robaron
1,rodando
1,rodar
1,rodeando
1.3,rodilla
1.6,rodillas
1.3,Roja
1.3,Roja
1.7,roja
1.48,rojas
2.72,rojo
1.6,rojos
1,rompa
2.18,rompe
1.6,rompen
2.2,romper
1,rompía
1,rompida
2.23,rompido
1.6,rompiendo
2.11,rompió
1,ron
1,ronca
1.3,roncando
1,roncar
1,ronco
2.32,ropa
1.48,ropas
2.08,rosa
2.4,rota
1.3,rotas
3.03,roto
1,rotos
1.7,Rubén
1.3,rubia
1.7,rubio
1.95,rueda
2.23,ruedas
2.28,ruido
1,ruidos
1,rulo
1,rusa
1,rusos
1.3,sábado
2.18,sabe
1.48,sabéis
2.18,sabemos
1.95,saben
1.3,saber
3.31,sabes
2.15,sabía
1.3,sabían
1.85,sabías
2.3,sabo
1,sabores
1.6,sabrá
1.3,sabrás
2.64,saca
1.48,sacaba
1,sacaban
2.4,sacado
1,sácala
1.48,sácalo
1.3,sácame
1,sácamelos
2.28,sacamos
1.48,sacan
1.48,sacando
1,sacapuntas
2.85,sacar
1.3,sacarla
1.3,sacarlas
1.48,sacarle
1.3,sacarles
1.85,sacarlo
1.6,sacarlos
1,sacaron
2.26,sacas
2.48,saco
1.3,sacó
1.78,sal
1.48,sala
1,salchicha
2.11,salchichas
1.3,salchichón
1.3,saldrán
1,saldrás
3.2,sale
2.54,salen
1.48,sales
2.08,salga
1.7,salgan
1.48,salgo
1,salí
2.11,salía
1,salíamos
1.6,salían
1,salidas
2.51,salido
1.7,saliendo
1.6,salieron
1.48,salimos
2.04,salió
1,Salipe
3.07,salir
1,salís
1,salmón
2,salón
1,saloncito
1,salpicado
2.11,salta
1.3,saltaba
2.18,saltado
1.3,saltan
1.7,saltando
2.15,saltar
1,saltarlo
1,saltico
2.04,salto
1.95,saltó
1,saltos
1.3,saluda
1.48,saludando
1,saludar
1,saludaríamos
1,Salva
1,salvado
1,salvaje
1,salvar
1,salvé
2,San
2.04,sangre
1,sangró
1.48,Sangüesa
1.85,Santa
1.3,santo
1,sanwiche
1.3,sapito
1.7,saque
1,saquen
1.9,saques
2.2,Sara
1.6,sardinas
2.11,sartén
2.45,Sayoa
1,Sayoba
4.8,se
1.6,sé
2.18,sea
1,seca
1,secado
1,secar
1,secas
1.48,seco
1,sed
1.3,sedamos
1,seguimos
1,seguir
1.7,segundo
1,seguramente
1.78,seguro
2.53,seis
1,selva
1,señales
3.03,señor
2.6,señora
1.78,señoras
2.26,señores
2.64,señorita
1.7,señoritas
1.7,señorito
1,señoritos
1.9,sentaba
1.6,sentaban
2.04,sentada
1,sentadica
1,sentadita
2.26,sentado
2.2,sentados
1.9,sentamos
1.3,sentando
2.7,sentar
1,sentarles
1,sentarme
1.3,sentarnos
1,sentaros
2.28,sentarse
1,sentarte
1.3,separados
1,separarla
1,sepas
1,seque
2.92,ser
2.52,será
1.48,serán
1,serás
1.7,Sergio
1,sería
1.6,serra
1,serraba
1.7,serrado
1.48,serramos
1.95,serrar
1,servilletas
1,servir
1.48,sésamo
3.64,si
4.8,sí
2.08,sido
2.08,siempre
2.76,sienta
1.48,siéntale
2.2,sientan
1.3,sientas
1.48,siéntate
1.3,siente
1.48,sienten
1,sientes
2.15,siento
1.78,sierra
1.48,siérrala
1,sierran
1.7,sierro
1.48,siervo
1.3,siervos
2.34,siesta
1,siestica
1,siestita
2.18,siete
1,siga
1,significa
1.6,sigue
1,siguen
1,silbaban
1,silbar
3.44,silla
2.95,sillas
1,silleta
1.48,sillica
1.48,sillicas
2.59,sillita
1.95,sillitas
2.15,sillón
1,sillones
1,silón
2.2,Silvia
2.64,sin
2.36,sino
1,sinta
1.3,sirena
1.6,sirve
2.83,sitio
1.78,sitios
1.85,Smith
1,so
1.3,sobra
1.3,sobre
1.3,sobrecito
1.3,sobrino
1.7,socorro
1.9,sofá
1,sofás
1.3,soga
1,sois
2.48,sol
2.54,sola
1,solamente
1,soldadito
1.3,soldado
1.3,soldados
1,soles
1,solicos
1.78,solita
1.95,solito
1.48,solitos
2.88,solo
2.92,sólo
1.95,solos
1.78,soltado
1.3,soltamos
1.3,soltar
1,soltarlo
1.48,soltó
2.51,sombrero
1.78,somos
3.4,son
1,sonado
1,soñado
1.7,soñando
1,soñar
1,sonríe
1,sonríen
2,sopa
1,sopita
1,sopla
1,soplan
1.6,soplar
1,soplas
1,soportar
1,sorda
1,sorprendido
1.78,sorpresa
1,sorpresita
1.6,Sorre
1.6,Sosaya
3.12,soy
3.63,su
1.3,suave
1.6,suba
1.85,suban
2.83,sube
2.04,suben
1,súbete
2.26,subía
1.9,subían
1,subidas
2.3,subido
1.48,subidos
1.95,subiendo
1,subieron
1.6,subimos
1.95,subió
2.92,subir
1,subirá
1,subirla
1.6,subirlo
1,subirme
1,subirnos
1.85,subirse
2.18,subo
1,sucia
1.3,sucio
1,sucios
1.3,sudará
2.67,suelo
1,suelos
1.85,suelta
1,sueltas
1.48,sueltes
1,suelto
1,suena
2.64,sueño
1.3,sueños
1.3,suerte
1.48,suficientes
2.11,sujeta
1,sujetado
1.3,sujetando
1.3,sujetar
1,sujetarlas
1,sujetarle
1,sujetarlo
1,sujeté
1.3,sujeto
1,sumando
1.6,super
2.54,sus
1.48,Susana
2.23,susto
1,sustos
1,susurrando
1.78,suya
1.7,suyo
1,ta
1.85,tabla
1,tablita
1.3,tacita
1.3,Taconera
1,taekwondo
1.78,Tajonar
2.08,tal
1.6,taller
1,tallo
3.76,también
1.6,tambor
2.78,tampoco
2.4,tan
1.6,tanta
1.9,tantas
1.6,tanto
1.48,tantos
2,tapa
1.48,tapaba
1,tapaditos
1.48,tapado
1,tapados
1,tapamos
1.6,tapar
1,tapas
1,tapita
1,tapo
1,tarda
1.9,tarde
1.3,tardes
2.2,tarea
1.48,tareas
1.3,tarjeta
1,tarrina
2.97,tarta
1,tartica
1,tartita
1.48,tata
1,taza
3.72,te
1.48,té
1.9,techo
1,tecla
2.56,tejado
1,tejados
1.3,telas
1,telazos
1,tele
1.6,teléfono
2.53,televisión
1,telita
1.3,temprano
1.78,ten
1.85,tendrá
1.7,tendrán
1.48,tendrás
1.48,tendré
1,tendremos
1.7,tenedor
1.85,tenéis
3.06,tenemos
1.78,tener
1.6,tenga
1.6,tengan
1,tengas
3.38,tengo
3.16,tenía
1.78,teníamos
2.59,tenían
1.7,tenías
1.48,tenido
1.3,tenis
1.85,Teo
1,tercer
1.3,tercero
1.3,Teresa
1.48,Teresianas
2.46,terminado
1,terminan
1,terminar
1.3,termine
1.48,terminen
1.7,terminó
1,ternera
1,ternerito
1.3,terraza
2.92,tesoro
1.6,tesoros
1,teta
1.6,tetas
1,tetita
2.62,ti
2.08,tía
2.28,tiburón
2.3,tiburones
1.7,tiempo
1.85,tienda
1,tiendas
3.88,tiene
3.32,tienen
3.06,tienes
1.48,tierra
1.3,tiestos
1,tigre
1.7,tiíta
1,timbrar
2.79,timbre
1.6,timón
1.3,Tino
1,Tintín
2.43,tío
1.48,tíos
2.81,tira
1.6,tiraba
1.7,tiraban
1.6,tirada
2.86,tirado
1.3,tirados
1.3,tírala
1,tíralo
1.85,tiramos
2.28,tiran
2.46,tirando
1,tirándoles
1.7,tirándose
2.94,tirar
1,tiraré
1.3,tirarla
1.48,tirarle
1.3,tirarles
1,tirarlo
1.6,tirarme
1.78,tiraron
1.95,tirarse
1,tirarte
2.38,tiras
1,tiraste
1.7,tírate
1.6,tire
1.6,tiré
1,tiremos
1.7,tiren
2.04,tires
1.9,tirita
1,tiritando
2.64,tiro
2.08,tiró
1,Tita
1,Tita_roja
1.3,titula
1,tiza
1.6,toalla
1.48,Tobi
3.46,tobogán
1,tobogancito
1.85,toboganes
2.65,toca
1,tocaba
1.6,tocado
1,tócame
1.48,tocan
2.2,tocando
2.2,tocar
1,tocas
1.78,toco
1,tocó
2.45,toda
2.52,todas
2.6,todavía
1,todito
3.36,todo
3.61,todos
1.6,Toisarás
1.3,Tom
3.38,toma
1.3,tomado
1,tómala
1,tómalo
1,tómalos
1.6,toman
1.78,tomando
1.85,tomar
1.95,tomate
1,tómbola
1.3,Tomi
1,Tongo
2,tonta
1,tontería
1.3,tonterías
1,tontica
1.48,tontico
1,tontitita
2.51,tonto
1,tontorrón
1,tontorrona
1.48,tontos
1,topete
2.32,toques
1,torcer
1.48,torcida
1,torcido
1.3,torico
1,torito
1,toritos
1.7,tormenta
1.3,tornillos
2.8,toro
1.95,toros
1.85,torpe
1,torpes
1.6,torre
1.6,torta
1.3,tortas
1,tortazo
1.85,tortilla
1,tortitas
1.48,tortuga
1.3,tos
1,tostada
1,tostadas
1.3,Toysarás
1.78,trabaja
1.48,trabajado
1,trabajador
1,trabajadoras
2.51,trabajando
2.81,trabajar
2.28,trabajo
1,trabajos
1,tractores
2.4,trae
1,tráela
1.3,tráelo
1.48,traemos
1.7,traen
1.95,traer
1,traerá
1.3,traeré
1,traerlo
1,tráerlo
1,traerse
1.6,traes
1,traga
1,tragado
1,tragona
1,traía
1,traido
2.23,traído
1,traiga
1.3,traigan
1.95,traigo
1.3,trajeron
1,trajes
1.3,trajo
1.3,trampa
1.3,Trampaga
1.6,trampolín
1,tranquilita
1.6,travieso
1,trayendo
1.3,trece
1,treinta
2.88,tren
1.78,trenes
3.34,tres
1,triciclo
2.81,trineo
1.6,trineos
2.04,tripa
1,tripita
1.3,Tristán
2.4,triste
1,tristes
1.3,trocito
1,trocitos
1,trompa
2.04,trompeta
1.48,trona
1.3,tronco
1.3,tropezó
1,tropieza
1.3,trotan
1.48,trotar
1.6,trozo
1.3,trozos
1.48,truenos
2.81,tu
3.79,tú
1.48,tumba
1.85,tumbada
1.3,tumbadito
2.04,tumbado
1.3,tumbados
1.6,tumbar
1.3,tumbas
1,túmbate
1.48,túnel
1,Tupa
1.3,turrón
1,Turuleta
1.6,tus
1,tuvo
2.18,tuya
2.2,tuyo
1.3,u
1.85,uah
1.3,uh
1.6,última
1.48,último
4.43,un
4.28,una
1,Unai
2.87,unas
1.95,uñas
3.57,uno
2.99,unos
1,untar
1,upa
1,urgente
1,usar
1.6,usted
1,uvas
1,Uxua
1.6,Uxue
2.11,uy
4.16,va
3.47,vaca
1.7,vacaciones
2.49,vacas
1.3,vacío
1,vacíos
1,vainas
1,vainilla
1,vais
1,valdrá
3.89,vale
1,valen
1,valía
2.08,valiente
1.7,valla
1,Valle
2.04,vámonos
3.75,vamos
3.8,van
2.11,vaquero
1.3,vaqueros
1,vaquica
2.57,vaquita
1,varilla
1,varita
2.81,vas
1.48,vasito
2.28,vaso
1.6,vasos
2.32,vaya
1,vayáis
1,vayamos
2.04,vayan
1.7,vayas
2.79,ve
2.04,vea
1.6,vean
1,veas
1.48,veces
2,veía
1.6,veían
1,veías
2.46,vela
2.59,velas
1,velita
1,velitas
1,velocidad
1,veloz
2.04,vemos
2.75,ven
1,venda
1,vende
1.3,vendrá
3.57,venga
1.3,vengas
1.85,vengo
2.41,venía
1.85,venían
1,venías
1.3,venid
2.46,venido
1,venimos
2.52,venir
2.95,ventana
2.45,ventanas
1,ventanica
1.3,ventanilla
1.85,ventanita
1.6,ventanitas
2.9,veo
4.01,ver
2.94,ver
1,verá
1,verán
1.7,verano
2.64,verás
1,verda
2.58,verdad
2.83,verde
1.85,verdes
1.3,verdura
1.48,verduras
1.48,veremos
1,verla
1.48,verlo
1.3,verlos
1.85,verme
1.3,verte
3.56,ves
1,vestía
1.3,vestida
2.18,vestido
1.3,vestidos
1,vestirte
2.34,vete
1.3,veterinario
1,Veva
3.26,vez
1,vi
1,ví
1,viaja
1.9,viaje
1,viajecito
1.3,Vicky
1,victoria
1,vida
1.48,video
1.95,vídeo
1,vieja
1.3,viejecito
1.3,viejo
2.63,viendo
1,viéndoles
3.12,viene
2.43,vienen
1.6,vienes
1,viento
1.6,vieron
1,vigía
1.3,vigila
1,vigilan
1.7,vigilando
1,vigilante
1.3,vikingo
1,vikingos
1,Vil
1,villancico
1.7,villancicos
1.6,vimos
1,vine
1,viniendo
1.6,vinieron
2.41,vino
1.7,vió
1.3,violín
1,Virgen
1.7,Virginia
1.3,visera
2.38,vista
1.3,vistan
1.3,viste
1,visteis
1,visten
2.96,visto
1.3,viva
1,vivan
1.85,vive
2.15,viven
1,vives
1,vivía
1,vivido
1,viviendo
1.3,vivir
1.48,vivo
1.9,vola
1,volaba
1,volador
1,volamientos
2.48,volando
1.85,volante
2,volar
1,volaré
1,volca
1,volcar
1.78,voltereta
1.48,volteretas
1.3,volvemos
1,volver
1,volveremos
1.6,volvía
1,volvían
1,volvió
1,vosotras
1.78,vosotros
4,voy
1,voz
1.78,vuela
1.48,vuelan
1.3,vuelcan
1,vuele
2.85,vuelta
2.26,vueltas
1.95,vuelto
1,vuelva
2.11,vuelve
1.3,vuélvela
1.48,vuelven
1,vuelves
1.6,vuelvo
1.48,vuestro
1,vuestros
2.34,wáter
1.78,Wendy
1.78,Xabi
1.9,Xabier
1,Xanti
3.87,xxx
2,Y
1,Y
4.87,y
4.28,ya
1.78,Yago
4.23,yo
2.36,yogur
1,yogures
1,Yolanda
1.48,yuju
1.3,yupi
1,Zalba
1.3,zaldico
1,zámbalas
1.48,zambullo
1,zanahorea
2.26,zanahoria
1.3,zanahorias
1,zancudos
1.48,zapatilla
1.95,zapatillas
1,zapatitos
2.15,zapatos
1.48,Zarautz
1,Zeus
1,Zozaya
1.3,Zuasti
1,zumico
1,zumito
1.48,zumo
